temperature,voltage,current,maintenance_count,operating_hours,ambient_temp,failure
47.483570765056164,669.9677718293001,4.324821725025618,5,2044.8090446813567,32.11032039941668,0
44.308678494144075,646.2316841456384,4.8554813292844825,9,2109.2420888163983,36.464786032149426,0
48.23844269050346,602.9815184960087,4.207580079000039,8,2002.1535400723826,29.054110034141626,0
52.61514928204013,567.6531611147213,4.69203847036096,6,1374.0567024886745,27.176931898000863,0
43.82923312638332,634.9111656806795,3.106385333046214,9,2048.1468871920442,30.738250845949228,0
43.8293152152541,619.6742692710875,5.213293707372938,4,2663.7593118191726,27.59315991858137,0
52.896064077536955,644.7596610013866,5.001205475362224,7,1891.9882193729052,34.44588230530961,0
48.837173645764544,631.7585900840985,4.182911368931809,1,1781.5768706434037,29.150345883164302,0
42.65262807032524,652.4776357659667,5.659245668432405,6,2112.0045679134196,28.30327089637803,1
47.712800217929825,573.2382394219716,5.937570137626558,3,2093.7134631399713,28.586052836546646,0
42.68291153593769,665.8697032817163,3.392440135631026,8,2357.8205496249243,32.15525227041492,0
42.671351232148716,609.87998023462,4.237275221433785,0,1622.6395532273336,29.526759050305543,0
46.20981135783017,703.7630436312633,4.230857650212702,6,2219.4140757724977,28.074999539608854,0
35.43359877671101,565.5406090955216,4.0600968988911355,5,2177.126618375439,34.99605575287059,0
36.375410837434835,686.7981901582625,5.829474841931749,7,1957.3560389178363,27.43149047801475,0
42.188562353795135,609.8955391731324,4.8061738612271965,4,2101.606195376507,30.10669822209898,0
39.93584439832788,567.4290998192776,4.735485158689389,0,2308.8372444795073,31.956918454830692,0
46.57123666297637,575.8057082972839,2.9961376355932465,0,2261.694614008535,25.105994668748778,1
40.45987962239394,583.982634590284,5.635418030209227,8,1657.0942063778814,31.440781504217775,0
37.93848149332354,621.2082973200958,3.7607416051465274,9,2246.0474560266452,26.83467697355865,0
52.32824384460777,626.141774401775,5.059932630266328,5,1980.5934184902444,32.468348342502004,0
43.87111849756732,571.314999803071,5.277376937958191,9,2021.8622294046547,27.11204696424307,0
45.337641023439616,598.7822703869508,6.360658595838651,4,2021.9590973005083,32.078307095546585,0
37.87625906893272,707.1135179305932,3.691179600880888,0,1954.927103360522,33.317499198884136,0
42.27808637737409,686.3771585050356,1.9804878441791747,5,2357.5122491321195,32.58430957689841,0
45.554612948549334,621.8161834837016,5.183849544753695,5,1974.8846120452363,30.753949944714307,0
39.24503211288849,601.90017390841,6.800511181510854,2,1664.1361614850493,29.3060971712109,0
46.87849009172836,606.001566335913,6.238946352939437,7,1881.9410432090813,28.27074127099547,0
41.99680655040598,630.6758986365209,5.209659415274626,0,2053.6084150431425,34.41310407245131,0
43.54153125103362,548.8603717400797,4.508363814367953,0,2368.764435289115,27.90151433949707,0
41.991466938853016,587.1311731288328,5.80712259663731,5,2180.9284054846503,26.888801779290013,1
54.26139092254469,516.5707963061205,4.026453800295531,9,1744.839416375887,31.99610680509849,1
44.93251387631033,619.9611561302639,5.476357769356219,0,2745.5569750036675,27.611589590440513,0
39.7114453552205,632.3597969851371,5.505470159166627,5,2079.432593293394,27.149809507601617,0
49.11272456051594,575.8406768850313,6.06020990749888,0,2382.6172213997042,25.669187213490705,0
38.89578175014489,678.6993381645017,7.759660038911077,5,1954.4856699268312,28.551270481618445,0
46.04431797502378,538.7117168498829,5.392415967178767,2,2160.007773411635,29.75185492831052,1
35.201649380601125,526.781255989509,4.491036374292501,7,2251.8405513555213,30.729275182982096,0
38.359069755507846,611.2225909279986,4.974425687808005,5,2365.4584135262767,32.85391873289845,0
45.984306179345616,652.3549151306078,3.2309240951108817,0,2317.2104916134676,31.58069377099738,0
48.69233289997705,684.1963845728934,4.305286868910942,4,2261.659100021893,29.42738334134046,0
45.85684140594985,577.055786856553,4.590717561886896,7,1905.4739806417674,29.40541297086084,0
44.4217585880588,653.9340416715647,4.475911602065407,2,1828.4761874131816,31.53047240674555,0
43.494481522053555,598.0745765249646,5.152354872033722,5,2099.7822530972594,33.81771048878571,0
37.60739004816286,591.368635002959,4.177580067617799,4,2279.9384217023207,30.3789425984496,0
41.40077895802646,644.1829968743336,6.121030667324471,5,1933.183789767018,28.592607437368773,0
42.696806145201066,632.616143920671,5.000207064918197,9,2319.551589714316,27.021401996743364,0
50.285611131094576,521.1803921507875,4.990699678861386,0,2435.785023645854,25.664384206763323,0
46.718091447842305,673.8270174862948,4.672105283487082,6,1725.1037242779742,31.99880901613057,0
36.18479922318633,669.0045677073725,5.155190683858979,8,1748.923788861116,31.73393557091867,0
46.620419846973974,568.7218649245235,5.825098264667635,1,1957.887482328399,31.732090575319983,1
43.07458859791842,619.7901766718704,4.1328697842891,9,2092.283800456759,29.614021660943834,1
41.61538999847021,624.701509314137,4.341883510924744,4,1842.6298958698846,34.22080423767525,1
48.058381444204336,613.0336882911954,4.696273971223335,9,2405.6608036601433,28.547644516245548,0
50.154997612479754,572.484742307729,3.654129076526785,3,2127.2200584555353,32.86580771162161,0
49.65640059558099,566.4188316030974,4.180742140278502,5,2011.834114472222,29.88377131503137,0
40.80391238388681,598.7222964504277,4.523779126455341,5,1569.2271428394417,28.174947705961987,0
43.45393812074393,658.6364509629682,5.874389180712727,1,1605.2552550717478,31.777590921953283,1
46.65631715701782,627.1800077297216,5.262561329001925,1,2084.3027750845417,31.22890835605198,0
49.877725635611796,581.4692833956947,5.193589911367544,3,1360.2213121535492,31.07091827780078,0
42.60412881077355,638.5849355324173,5.850897962167972,0,2303.7912228932214,30.243835266168595,1
44.07170511668092,457.5728689684962,4.862628211600604,8,1952.553846688304,29.886320754849507,0
39.468325129969855,657.4382850186051,5.39046484992889,6,2972.92789087842,37.16511597861132,0
39.01896687959665,513.014311061095,4.896778247067504,6,2692.3748751848334,33.55276993558852,0
49.06262911197099,581.8779529298434,5.265362349399629,2,1945.565279225745,32.168480684956535,0
51.78120014285412,544.0165052686928,4.417241342388418,2,1968.0988992406055,30.335397474610165,0
44.63994939209833,535.2659262139547,2.561182841723571,0,2298.674454200609,33.021471601790005,0
50.01766448946012,658.041339368926,4.865720837813696,2,2510.9517829754113,31.553984329174355,0
46.808180125238174,576.6149399344055,6.4227481360999406,2,1508.591282769195,30.07861425832211,0
41.774401226974376,617.3251940865358,5.926215402241592,3,1464.087360393594,29.089307024202256,0
46.80697802754207,597.6539710560407,5.965397484591171,3,1813.3895583336855,29.757247987011937,0
52.690182832329846,623.8520413611561,6.236130721806218,2,2174.8212749521595,20.488722792365834,0
44.82086980445024,603.8410945530128,5.0886575909614375,9,2149.062077152279,30.631802517892925,0
52.82321827907003,535.8503887905715,5.197315707405596,7,2320.931436495155,28.53457175966892,1
31.901274479551276,649.813340972357,4.38234810456565,7,1640.0907414904075,34.77800999484865,0
49.10951252187612,575.3121708419344,4.683927143972951,0,1305.1568411093372,30.05803221243526,0
45.435235341190854,522.1709050670124,5.615771149771142,6,2257.4042585906436,26.433109741395114,0
43.50496324767066,578.5942419517044,6.203884437168816,1,1751.5411181104296,29.850359537615645,0
45.458803882677515,675.0379895317155,4.860553724319001,0,1394.4536406834086,26.861636744812486,0
35.06215542699554,642.5110871056746,4.549810735148588,2,2043.5191237878146,31.4202222471374,0
43.90164056081244,582.567393279607,5.000527958856598,3,2237.952706465603,30.872842093018456,0
46.78556285755873,582.5371147840785,5.601206748929115,5,1963.3828603636168,32.8735188933248,0
52.38947022370758,583.9182474391308,3.556145183866458,9,1862.6454841452532,27.627354624916304,0
42.40864890863176,703.837399178042,2.703819046862762,4,1952.191330356228,30.10202428868444,1
40.95753198553406,619.0967726115776,4.449463150508416,3,1888.825171279765,25.904934613720094,0
42.491214782077314,621.5020823595535,3.779287574085841,7,1595.58586641795,32.10448434577415,1
49.57701058851037,651.5141727015921,4.491859802352689,3,1785.5957969028705,31.556613541320367,0
46.64375554829842,611.9394579513257,4.852219681182529,9,2156.3839715041445,31.48741506308271,0
42.351198981164806,587.0478927089648,4.546751590976987,1,2096.50356241295,30.00485709407082,0
47.56633716556678,590.182507545751,6.452467534470745,2,2050.417941790046,31.244318672366372,0
45.4853877467402,596.4199370292968,5.32674476460232,5,1701.4554554439862,34.81301732492579,0
49.84322495266444,598.1388881745079,5.300474359610829,7,1945.5490513593,29.144717228873958,0
41.48973453061324,636.381477181849,5.622207144043402,7,1346.8804860671435,30.415935551130254,0
43.36168926701116,602.597294290365,3.861166882219231,8,2053.542999165617,26.74162110245577,0
43.03945923433921,636.6320038607789,6.039111787420269,6,2428.6573123440703,27.395217115205003,0
37.68242525933941,595.9641709945708,4.92423571346454,1,1557.7603603873683,30.293439879279923,0
46.48060138532288,603.9317595158045,5.670480617241212,7,1824.2216980046735,33.31180064010572,0
46.30527636089945,500.0899657733946,3.9281427669598443,6,2098.7320336130388,29.231157527245283,0
45.025567283212304,645.8163837351241,3.446241233983936,7,2375.852790328245,29.292250412063627,0
43.82706433312426,617.3244237948996,5.817889658025028,2,1865.5326151099553,28.779344266486877,0
37.923146289747926,649.9005054929826,5.376409526097516,6,1792.3249012202311,28.395729987467032,0
42.89677338617321,455.18723109031555,4.09794844564249,9,1409.323057275175,30.884914367126466,0
43.286427417366156,704.4187352390363,4.130336918725305,8,2031.0314387924318,25.508227064464066,0
40.9886136538919,593.0205185922413,6.12543478441477,2,2612.6228120431233,33.84281873000018,1
44.19357144166995,655.4091408368758,3.810588107132672,9,2083.2075385894027,28.00373310561162,0
47.02025428407269,548.0047036437235,6.642672953255963,5,1993.316306244886,32.16571045631442,0
54.43092950605265,630.6386952531285,4.099379265352131,1,2096.6246932300955,26.190004207818372,0
45.872889064159196,547.3292218413172,5.638391925608383,1,1996.6723988154195,32.00652039163865,0
46.28775195361382,568.8115519652098,4.671381524251015,4,1756.095688321961,32.015833823443494,0
44.62777042116917,695.7015676933393,5.603187431082343,4,2246.9839747033116,31.152606216017688,0
35.40614392350479,590.4658799618327,4.455885997885807,6,2067.728456933526,27.016714434600622,0
44.867430622753915,610.8716436589862,4.837207093927706,1,2005.2839755800971,30.74864456879423,0
45.30115104970513,643.5033865344377,5.040919175395721,6,1707.390191816525,26.450831445796833,0
57.316210562426434,624.7840943986303,3.9978125442185273,4,2391.052379580428,29.241710234711444,0
44.03819517609439,607.5209452571788,5.740824345420126,5,2199.410823599933,33.08823930286598,0
46.50773671166806,618.2480501233113,4.486786433528414,7,1834.1237487898093,32.39010578121223,0
44.82644115147378,720.1707792619137,4.771400084659981,9,2300.547456104581,30.0455488276213,0
39.15660981190234,597.1190601483207,4.005650625391488,3,1850.7287484844378,27.075580272231473,0
50.7141140725751,610.0549523357483,2.4376663412046895,6,1765.3989522466889,31.93676313652258,0
48.75966516343387,652.5327198003806,4.808972237399831,5,1772.0890647559138,30.058143713094076,0
48.95515973521523,655.2762966478992,7.412615421612916,9,1468.6794340735728,23.03905320530873,1
40.4530627260263,659.351515278019,5.7846042878980235,1,2141.462714125462,32.347889478949554,0
52.013971554680495,631.9365111014592,4.980739620265606,7,1450.656536498495,29.927301498390925,0
37.990744686038596,542.8497543634758,4.737109170791732,9,1631.466850620271,33.60735374394922,0
47.93428546900135,681.6715766150548,5.022465892812046,8,1377.32359727644,26.714188443471585,0
55.952278129049894,542.6827303490657,5.54711911517521,4,1974.179092162732,20.469888560412,0
40.04731837434656,615.1317732619517,3.819187184691155,9,1954.9038619184385,30.837251575035555,0
42.16851135198614,562.2862074990321,6.114321694668872,3,1901.9911360440908,30.87469103004592,1
45.498256825438204,596.7930826703504,5.715381315441244,5,1687.226691598827,24.927985117180643,0
42.482621729419,616.438120515174,5.718185725707935,7,1648.329873969008,27.06450136240018,0
37.24668284466934,616.0678607725137,5.438475738809728,2,2139.3109590639724,38.2656532311597,0
45.34281487403014,621.0960377117642,5.01961665769399,9,1834.8344204874536,29.08316815753859,0
39.688481431369475,680.6855634529323,5.67286123596682,0,2094.9074964608435,32.19287692912865,0
47.36796215317591,622.676715075699,5.591814133741378,3,1734.4253941627333,28.048020517894848,0
40.402878828830985,587.7921682354676,4.645959289058976,3,2054.3188228313247,23.72909130344053,0
52.7496720250877,648.2043584144178,4.426398227103099,0,2390.983411194819,29.489225259612283,0
41.08373353831882,659.473524446232,5.101856295261987,8,2175.849740117835,29.203186319141686,0
43.38969241897162,538.6196092431504,6.549020151495188,2,1876.275854535056,28.800365283994886,1
49.06758608684835,629.8700034924929,3.7608929243460993,4,2077.159691106778,29.656077493480822,0
38.84567841783022,635.0586371155449,3.53247473424756,5,1927.800447640936,30.79280481493691,0
46.13729967302065,585.1218248320004,5.164760841236517,7,2002.3640554084184,29.54964914623858,0
51.53571377141214,668.785340665581,5.050887701856018,5,1902.3166843554488,26.20798149615791,0
36.96258382719386,592.4972206483736,5.173341664370408,2,1950.6994382343826,31.458554374685818,1
45.92316929266152,606.2788226735771,5.243953197908501,5,2063.6280059222527,24.15188473403273,0
46.29941397124212,591.3464087858065,4.776797745365195,0,1701.9923901254147,23.8489276281474,0
48.909114358886555,600.7789523790734,6.489863438602082,3,1695.2363519030064,32.2175414841047,0
38.81524644560959,545.1862456552399,3.3990960215234844,5,1583.4372338506366,31.52106081640607,0
38.39771693457862,527.9974558702853,4.171502975219754,6,1519.918668648887,29.82781390477789,1
47.60970782808449,679.7252531612486,4.896745239850953,9,1634.8151923338562,25.813654485734784,0
46.48492336616593,557.6519325840836,3.3568111888458327,2,2047.8387520412386,27.876267177977773,0
46.252464251729386,550.4303825271846,4.824145595567929,8,1732.1637453524347,29.211759756940488,0
46.73224104748488,492.33049431981425,6.661470165728018,6,2154.0843392693287,25.21231809427766,1
41.59987639210755,568.0519126155249,5.020886488295962,0,2010.4141246257686,27.782914025930303,0
46.16126848580502,533.8455103296251,5.230700905718684,1,1409.4487359685838,31.95699101453004,0
46.46536236649341,682.1007580068184,3.73983523482742,0,2196.492675266507,34.28191609286765,0
41.42824290986816,650.4908544671317,4.383638591960523,8,2243.239593677513,28.741695742024348,0
54.328872555723784,565.5924827411138,4.624803619676063,8,1701.841197549544,32.26946506294829,0
47.36916460455894,712.6217902672154,4.682284903243766,6,2126.0574628684976,24.257819788237597,0
39.04348251398676,649.0882743495797,6.2816437950037685,9,1743.0505287772403,31.978353723340835,0
48.28276804316915,583.7584308245689,5.557691060725125,2,2029.3011130245006,27.588154755817555,0
40.126591648863396,475.0297142563213,3.888542043062968,4,1620.6504779135103,30.92203685012391,0
48.93542301871226,714.547128629537,5.246504778432005,3,1462.068064239627,29.25674274528087,0
50.79297789503702,530.5213766618202,5.4982217484967855,6,1885.1548431161093,33.9612420293515,0
40.89658840824145,517.7300626521554,6.140149038521266,8,1962.8813161175492,27.376693054980244,0
49.816880646221605,651.128521600482,6.580540686568374,1,1880.6960919156188,31.882818892685492,1
47.063904634682494,721.9876203169637,3.9849058081721314,7,1644.790832533232,29.1614776101104,0
49.11030079997245,669.2136409255259,4.1891424887896616,8,1880.0302813606588,29.52508356597101,0
54.48396491326974,628.195456002618,3.7424221410853837,9,2080.7884257742203,29.44843832052237,0
43.77305941998565,629.7377170832643,4.765980140893019,9,1986.532090963239,27.46298068651766,0
41.23131917821255,642.6707779390154,5.466358374446335,8,2054.750309179764,29.957703102279986,0
40.55242785187238,637.9464294893382,5.987334516589102,9,1798.9654398637301,29.812055333634536,0
40.92094857517281,614.0595711984688,4.9240489763574775,6,2351.515374414848,30.723720745220188,0
44.61449145292948,605.2100551975938,4.680152476745156,8,1647.1479990335658,30.253515437078587,1
46.70575987408322,596.8703436050239,5.15175799224874,8,2146.2680891260156,32.39398364883671,0
46.3834539966501,562.3017705566662,4.164857098369977,2,2354.5673278879885,32.77052584814211,0
49.13591624518012,585.9662461566613,7.089538721694773,3,2144.2724278246687,26.848130034516597,0
45.065009459389536,515.3521592902307,3.3923389728819413,1,1939.242731880551,32.60631750177231,0
52.26767038578659,595.0830186602625,5.184740578895725,9,1841.5108860011062,26.440990718670438,0
43.67671583381022,550.5704446424542,7.02360621922964,2,2310.826295313877,31.763567664413205,0
58.600845832948096,544.8205341392114,5.006799844559998,4,1573.107522421498,31.859216354108607,0
48.128336738825034,608.9947075576739,4.809960964998505,4,1708.962721886107,24.26604932501249,0
40.714212217918586,669.60011431723,4.642554577189573,5,1880.7326703524836,30.27893773958823,1
39.645537509694435,645.9158303001157,4.819608318237592,6,2371.2961272535995,28.594511659919053,0
47.41236207621593,521.4749698188411,6.37284847467653,6,2113.9302908122686,27.723704226193874,0
43.88268607337075,550.5185931714831,2.788138088670493,0,1709.5862724469264,34.05255699209702,0
48.57000247046046,647.0385593994108,6.5334337012963255,1,1906.907688384529,28.038962578087745,0
47.366188122867726,550.8756303230846,3.576042847549855,8,1815.7030567711117,27.58086921264585,0
44.63585543671564,588.7683425001487,4.7333476707655855,9,1787.0633023299395,30.227084820015282,0
40.76603140965798,627.5026049512276,4.570755579701338,1,2293.666867567034,32.05676923889525,1
37.42576387657068,551.5827772568182,5.58855326977072,5,1588.4770612209484,29.57505424196962,1
42.767425239664895,605.268775307298,3.4018756481162526,0,2482.634256720312,33.49911163700776,0
49.28199397161736,533.2987252540897,5.462172666081943,2,2248.468907055387,31.592926985892273,0
46.07046872065102,569.9316178024393,7.024309623286852,1,2327.2585011811093,23.46536604080571,0
38.77130610644006,615.9890967071268,3.6368259954071895,2,1861.1181463924224,28.411599109478974,0
45.86590462925591,520.3503133234166,5.189706167610396,4,1955.017784276267,28.3144737019449,0
46.92658689864418,622.0237368980199,4.3380178222033905,9,1570.0544556425864,31.43808286028827,0
40.580712818994336,599.018110053666,5.425887206193035,5,1842.601277879959,22.125548830877666,0
45.768625529727636,627.6244977208573,5.0191477774157525,8,2148.096454292945,37.647029126153164,0
45.29104359223,611.1957067032331,4.35851309095569,9,2388.818918534419,31.59307828468263,0
39.28514851084688,668.2070214986923,5.487872284871074,3,1667.8529549592645,30.446630411753073,0
46.788936801741414,606.2612251323953,6.804348109786743,6,1890.3482189044203,33.54470314925744,0
47.803922631841175,578.5297229437374,4.809096208272702,5,1954.6102339302433,37.03096215843787,1
50.41525621587638,606.1148751516142,5.719757942148182,1,1581.2632393422546,32.61223993376521,0
50.26901026017451,627.1649014518194,3.7067270421288363,9,2177.40477252752,32.84643928941486,0
38.111653160214544,602.4430035162852,4.043563623181991,7,1782.8029004772172,30.392070073393146,0
40.310874800424386,602.0295845601942,5.472406277880378,6,1941.3828946468927,29.575422739899157,0
47.5751763360433,564.9004156096622,6.484116028535965,6,1864.4151884264368,28.572613667985298,0
47.56892975456105,566.8549541224526,5.35561334878566,7,1763.1984482840976,27.521664024856374,0
47.57523843153024,529.8697364100153,4.6869419694768455,0,1997.8865043558335,27.938957700901508,0
64.26365745327361,687.478837159347,4.999291405423354,0,1935.3171264295934,25.94833210697105,0
47.85445255346583,537.8068382304357,3.7495922660302825,7,1888.4426353164004,29.77238564794493,0
50.677828200902994,565.3547401102046,5.604515326355367,3,1781.4615134958972,24.945997268320838,0
49.770008817466014,564.0796367215402,5.88233306232341,4,2095.8574012348868,30.572749572431132,0
48.25695625652899,644.746218847222,4.54790966716692,7,2496.0851805476855,29.891008175872976,0
43.423653776798275,585.2525160853986,4.529957852240498,4,2041.9661698517382,30.440805895160064,1
48.79484610246634,662.3871036336867,5.265878229652048,9,2298.8354644733386,28.433605289940022,0
41.13587392731214,566.3254687878066,4.563280263959404,3,1582.9334224539612,39.23058111054151,0
43.815906966299956,613.9497081111901,4.933867385374177,5,2047.3284317881307,34.08034770054094,0
42.57318226085448,558.2326473370122,7.099721789166516,4,1670.78950430868,26.26637249974583,0
45.40937069693161,707.2574563886694,4.752974299254003,6,1556.9225217404296,30.698604262280696,1
56.573292833367546,540.6200790485243,4.641659847978778,9,1778.188577762289,28.17598157118803,0
35.66367403704126,615.4910355113514,4.352458194364841,6,2357.569800324072,26.956560819877758,0
48.431300951872565,631.6888440466049,5.744191971499937,3,2285.0047486008934,25.979783786628197,0
36.93642064405174,620.689954872575,4.818775826781897,4,2072.9014166163197,31.29665007227776,0
42.64034067105283,590.7356170561146,4.350626961678574,2,1540.1898320330208,27.955859294791278,0
50.44475298483683,593.5089650133287,6.321304032273012,3,1941.115804583619,32.903478072075615,0
45.321400095477316,602.1905735989554,6.419603004513637,3,2090.510002670521,32.981346643591316,0
39.61127611035347,592.6498999185756,4.399576434261295,2,2052.6608688735796,34.12174315563435,0
41.42348145370016,648.1939558397455,3.1334600486393835,9,1446.8619249557764,27.44283970177769,0
48.39798874467338,710.5261500795675,6.007513689836922,4,1732.9046455940384,31.42609683207603,0
41.34816684141432,572.1254107496084,4.315370174239996,4,1980.776670755385,31.8973626499269,0
46.08229294790988,531.5098510210461,5.790625599162769,6,2160.887272855157,28.577465474688104,0
45.22785919951907,595.5858975824373,3.0298961822881645,3,1341.1616536700162,27.684684127821374,0
41.74199826197091,728.985466882716,5.892597338299309,3,1951.3628073560424,34.82856199732792,0
55.719720446626624,559.8162716015134,3.7888280707192186,8,2042.9146309636858,30.68248762719616,0
48.169595111590056,681.9558402722034,5.730764119066524,5,2254.8835965548637,31.907903252135213,0
34.874287066711965,683.885040703822,5.0142730678364344,3,2207.857275271231,27.53377196451622,0
45.93227157384714,572.3205879146003,4.046060580603355,1,2174.7713956426414,26.34214660043342,0
41.69106767615806,628.4491539592638,4.59296368707322,5,1760.0178479894198,28.29165067652367,0
49.26216667398112,681.4198311564269,5.686318456956701,1,1427.5993588630076,29.62793583783001,1
41.037396307836495,581.0436129506256,5.105894453115234,4,1882.0841728815797,26.807339979547955,0
44.42631779266551,589.8209819948819,5.584412980472484,5,2300.489547562568,29.970465574048852,0
47.524936394902284,570.9159543025678,6.976440584515485,3,2418.0363582573295,24.934484435794502,0
49.32877597085061,549.2621634653567,3.4357583882889484,2,2213.1647306893356,26.639857732590382,0
38.99851796472112,567.5361227466997,6.617212574968624,6,2128.80224684052,32.012733744830626,0
43.327493820795254,538.8029866618872,5.104355937523213,1,2113.8918945157898,31.81137156083368,0
42.625273444195216,601.7041734129613,4.101215951676872,5,1833.1643759717658,28.824369703839402,0
41.73335383713144,561.501338447068,3.66968637426101,3,1960.981911933914,26.94670707276914,0
53.82727120140548,611.6892955895374,4.810879609222966,5,2500.7208577478996,26.917789345421966,0
47.024908554804774,522.2052176898186,5.92165011192446,3,1717.232598262437,28.88019526217606,0
38.69558022832477,616.5440116107228,4.872450879622466,3,2484.4336372129555,31.933555474935876,0
49.58930973527388,641.6764480804462,6.511154930247347,3,1903.3915536523825,32.784737074032975,0
55.610780985063165,500.31321787142724,3.548824309948441,8,2397.6296327285236,28.510404793554095,0
50.16232630275574,618.7028284923786,4.987911052153946,6,1577.9554971507387,26.53952272204565,0
37.403150170229935,661.3834496236647,3.7476065555868807,2,2175.7712603493947,30.803530913599,0
42.57882963566874,539.5179490654398,5.363631882624968,2,1778.9689592157133,27.529395088122453,0
51.334555745933116,683.6286193418852,5.8868873900973,5,1575.4198424227438,28.445242083416392,0
41.461652671906094,620.9509504683023,4.579238206318947,5,2065.5602127232837,33.975828271311116,0
47.219097140731144,564.7494072120795,2.3957861433728658,3,2302.8415365787905,32.481346285697306,0
48.87317026714668,597.2115461171147,5.198948146796495,8,1746.5175684219512,30.473922936754356,0
40.36534764210958,627.9163456260861,5.43673855173351,3,1550.2952118624796,26.18424299666183,0
44.702373219691,603.8002695706206,5.404294754961698,8,1972.4465706995134,30.634189702411977,0
28.793663299654636,626.9377996223185,6.235782191822154,3,1973.7694013668456,33.18797187236258,0
39.87806179332855,553.9663203460317,3.928946320350951,1,2164.4958882663495,28.873099002703395,0
43.7371592430342,608.4680412018039,5.68021610545045,1,2284.8783714093465,34.05334226996015,0
38.76108409017575,529.3142751547509,6.192507512477975,4,1982.1754456182518,33.87823586855462,0
53.16205651965818,594.438696932565,3.221412415993483,3,2556.6509944382788,34.99119849643042,0
37.84929311019684,554.8046179267606,5.319651825918977,6,2067.2704233605873,30.915729379594058,0
42.79977756651508,563.2235028705117,4.495820168992329,4,1896.0720481979301,31.762175099418037,0
45.65370288643046,661.8046587605219,4.918477326898354,5,1516.5297922691516,34.24256186499327,0
52.20636644533058,654.5655060297134,5.347676483538336,9,1921.2021439051496,31.342181811206927,0
37.8206892441028,630.4569060453589,4.512771435886448,3,1899.083916376659,28.49629767662936,0
50.815818760774796,545.3843617663711,4.324291920838388,1,2288.0914388844412,28.654371490416416,0
45.05116530509793,584.1795775152599,5.034152417488024,9,2138.745087220056,30.71566486132122,0
40.09245674476024,660.6548849989591,3.912754061137197,8,1646.189263510215,26.128315734161344,0
47.31051737131635,607.0858456819952,3.9141748711148145,9,2051.6763159233114,29.57022325390742,0
45.99529847786735,715.9664769990848,5.679373282956504,6,2201.459351518716,33.28964135469076,0
41.99891561420603,619.6658919697186,3.851205964841344,3,2458.40940781635,23.426238446504158,0
45.349010424950094,609.6024558245016,5.666312500909212,2,2266.2511902242177,34.60344630538354,0
43.073432015691196,584.5441767898749,5.4625912928539515,9,2228.2539962934434,33.36712265610948,0
45.56758672625624,606.6770452391141,3.2741932712094033,2,2018.025798384549,28.62070615250857,0
48.31065337260523,592.3765081809728,4.322435347664345,8,2116.493601627035,31.63017248361543,0
52.93008408072676,635.4054338344296,6.1941094030473725,4,2374.8514702118478,30.00944318071898,0
38.810922505865754,647.8351158397292,4.018834468860319,2,1600.166780756105,33.68997110531605,0
55.665166873281336,560.7005269746026,4.535595737690612,4,1895.1682018349131,32.94804942830982,0
35.23956100238749,533.4383523221111,5.462060893251897,1,1768.2293753731278,25.799787830450974,0
44.24107452482208,508.1897313448352,5.7833905092825955,3,2113.7459356178374,31.76178724039253,0
47.94158603242288,625.3995663456271,4.748461113955504,9,2369.0666526952364,29.383116439070257,1
46.40495933867516,544.8316696913063,4.402489805308359,1,1820.907713983678,30.2484977115543,0
41.88650240089703,492.35547035237585,6.422369861698508,1,1282.9086897591687,27.815484297090553,0
43.95938874821363,619.4289302265482,6.738899663797579,7,1876.333776492659,35.2444112073625,0
42.53499532670584,724.6499758716395,5.978858050781795,0,2274.042119605222,33.12018545970773,0
42.053176215278945,599.6964544230053,5.085318142565024,6,2161.288970884964,27.780686508081097,0
49.24801048510513,641.924538722582,4.191734278359074,4,2128.455874343173,25.996168179269304,0
46.785077429825236,604.0914679273783,4.169555593443435,7,1916.0020094376562,28.842982107066454,1
41.53545202369673,595.0555173404429,5.522514105265757,0,1616.290779134064,31.303507938273917,0
49.49799937716625,645.9538241493884,5.418398220888684,6,2154.5882964873404,30.72061753183867,0
46.536497604383044,585.4862727905675,6.40159859294643,4,1749.7154569896124,33.75939847430473,0
49.0643105941948,613.3696157035952,5.650450092536139,3,2655.229020014137,32.36975916654256,0
48.14814420961806,616.0848903098007,3.4969196982401822,6,2171.1521625063547,32.90870707725872,0
40.85502494538964,566.5954773178476,6.051947617722918,9,1825.8055092338147,30.980566201831312,0
42.19909479901515,649.6021174768262,4.001939372685587,1,1816.5844257834115,25.83210380936703,0
48.73646802561631,591.2520121652295,4.616028728047649,0,1972.1167380159236,29.412904406559296,0
48.05185132716733,562.2127420253578,5.250200206251694,0,1928.149423393475,33.180269219726,0
44.89549203017926,626.8254921785202,6.995667489783965,0,2335.0501326589865,29.84543121442606,0
45.58663691654391,555.0766009104482,8.109918556005361,4,2055.924850923214,31.50927110587124,0
51.388324478942124,601.4090578684564,5.606723059136183,9,1780.5104783274417,29.043755054261602,0
42.04214305582085,599.5440501677898,4.8168033812796125,6,2567.132205546735,26.910564454374466,0
47.73548690585019,654.294778291579,5.53450564848055,1,2014.7924994560667,29.629967807861668,0
43.98903673783053,623.7349116439976,5.887655425873836,9,2230.651902790669,30.92714232909796,0
43.911593983863895,598.7486520627428,4.679332374442808,7,1817.5320477665723,28.03293684161567,0
50.49388425993595,640.8883149600143,6.795211355912322,3,2108.934688323357,29.292866265429993,0
49.12708174494015,669.5103774508657,5.230070759191402,2,2093.3329973429586,27.18161027404205,0
49.06754818000319,627.8905153175931,5.4977430890913945,9,1433.1052123711543,33.35773475269229,0
51.52739403577164,600.5176309921691,5.665924252054461,7,2604.582533138192,29.1166327272359,0
45.105019208163796,534.408188382492,5.4215866106144555,1,2387.1933382767643,34.35826663537855,0
48.40976485647482,546.7443168462314,5.838940500469612,2,1880.8414051562038,34.58624355162273,0
43.44866621703272,584.7387647822666,4.3827468134530765,2,1669.3190778632434,29.75686210583477,0
46.62083176244221,569.5243898920359,4.44169824605397,9,2104.2684841410655,26.97465380235795,0
44.34928472816158,590.6514348507277,3.899845767028305,0,2026.009309824319,23.742306366799987,1
45.48497982496359,602.8324962448554,5.439501230620227,5,2106.700684568969,25.583888780919626,0
47.975785127184565,626.4846377178366,5.778936503512114,1,2057.473218858227,25.878495525304018,0
40.908896583832636,596.4750610970455,5.457772866151886,0,2151.872296791778,34.13540888238451,0
55.4619363784273,624.3250821913101,6.674492433347537,1,2434.191709817542,30.34747376168084,0
39.96991309250149,603.223720740506,4.9944039811709535,5,2170.4309615385937,31.168813572275962,0
38.92905693606134,501.22667168230646,5.6687416555925125,3,1685.1033503270178,23.33873697319462,0
50.79055436750034,553.0332303090623,3.9082991238606857,5,2408.7688558137356,26.406100712348216,0
48.95831346981468,592.7956222139193,4.612900297525599,8,2492.184369046486,32.66123932933886,0
48.12059908526078,539.5152628579447,5.695537757565777,9,2945.6170203536253,30.860322337147757,0
48.1417275463214,629.9964364998102,5.849102110743144,9,1662.9517900281207,29.55838416394321,0
44.93876613576543,676.5375416171848,4.706033052335818,7,2072.8646039450823,31.694527075800366,0
40.51372814257084,660.9380925848658,4.928400748141933,0,1375.370389043304,34.907393418407445,0
45.379022790968634,589.3278564534896,3.4821262533191906,7,2165.9447469137626,29.33687260938885,0
41.61419144243944,674.5363068424977,4.642970799193391,8,1835.5399105499682,30.20810940797421,0
49.87559866708875,607.4333728601056,5.890383163519786,5,2577.033738447486,30.577790756193917,0
44.26471309248931,583.145701444098,5.575205016106566,9,1767.6155089944255,37.176328905821975,0
40.87251401603744,569.329866822953,5.50066572138121,4,1493.2450886098216,23.701931206742923,0
43.393070791735035,584.8765156755936,5.04977368718096,5,1858.620877789244,32.049669044366425,1
47.064657271378124,580.5911590729386,5.007063158628177,5,1407.3536686348589,29.65559325372281,0
42.18137723598013,608.5208111187744,4.339678860526553,8,2225.329836352193,31.70031517855254,0
40.888898022167844,608.0286990524933,5.698828420202535,3,1380.4750861231037,28.02788233801583,0
46.21843605745956,600.1523010076708,5.42097294438939,1,2008.5372743549476,29.853104907424648,1
46.22483285554361,621.8469084873175,5.492018847992799,8,1376.656454043141,32.13423173839649,0
42.46528412314435,659.532313739317,4.47396515733242,1,1903.9106586390074,39.33873060313152,1
42.644808471908384,647.4777067720662,2.8466570801287556,9,2493.01344674136,32.424108568206215,0
46.160249686788184,525.7551015775048,6.097152711753695,8,2108.1943674307386,27.455803205908474,0
37.75957829251338,472.30394325490226,4.521162543991596,1,1740.9519185105198,28.72872095393189,0
37.962681128117225,646.7159955619637,4.13722423595688,7,1990.6389533182748,28.63975767484844,0
41.40777889373782,531.6560650792289,5.693478911913994,8,2005.405061613334,24.613070482109954,0
43.932764241440765,588.7617299053658,4.6079873600808705,9,2141.7891037530217,29.00972942489569,0
46.554537827990025,541.494348697032,6.059936384046622,8,1589.942491015752,32.19848724546524,0
52.37678108474776,509.900978120999,5.617005949576697,9,2177.770182154199,26.177303642769616,0
49.2882981160101,627.0731364102394,5.683569323200477,8,1188.6825105191674,33.14544795315178,0
44.20030735018287,637.9577580151323,3.6340442887994655,1,1811.034634290857,31.463324463253013,0
44.904918960486555,571.174479963664,6.211943985386401,3,1853.5178472645366,27.797300034086888,0
39.987353176810956,470.44788539275453,5.261250531233856,6,2189.9980478213715,29.575411087986456,0
44.90743432003805,572.6877775873759,4.630722860753797,1,2006.7892558030608,34.7949654229231,0
43.55670680539931,619.5902002701273,5.143388467342251,0,1578.331083843114,32.200643440517595,0
46.613592801690444,526.0544215612936,3.22376476710168,2,1704.5020622548955,30.026350964694444,0
40.86384528223839,609.1679959889577,5.408652811480671,3,2059.604002864222,29.286950049117046,0
47.59673257120586,599.2345075413502,3.970628491817928,7,1976.279797440633,30.22982721135498,0
52.66369456501289,628.9645749800544,3.6473297141564656,5,1826.262767109276,28.46470932617309,0
44.45619925771571,605.9790184207077,3.477640813782109,1,1855.7498631464061,23.685751482842957,0
47.00855861049471,551.3465529559222,6.112688374989926,8,2208.850399147787,36.12653373160419,0
48.45071995855556,659.8285750832246,4.3707366063072115,1,1844.6922281392356,30.465974997598206,0
42.99389764057082,592.0735213486515,6.5337277099165,4,1973.572626791278,31.194441795367613,0
46.12046240905208,598.6347730245034,4.464198536947702,3,2650.9809764241627,29.826276750369274,0
45.06296200390897,553.3366020463402,3.2926420424070533,6,1572.8952089348231,27.794649597826236,0
45.488380492744156,577.8358874404245,3.883475560051341,7,1444.4471805276025,29.44222655715369,0
41.134951080722665,555.759864298655,6.235811620006938,4,2235.076899439582,25.201815713417066,0
45.12255087129471,591.3526970038289,4.844101822063332,9,1796.407081611769,36.831259494159916,0
47.48999145622725,685.5854240071171,4.451712703509399,4,1904.528741677214,26.29646400473281,0
52.25571803897521,531.4049428534322,5.160018225852788,1,1765.6530865606658,26.904101148458462,0
49.79635413042603,519.3219301061629,5.501782736167545,7,1922.0599577697462,28.6792223868408,0
55.76591228755778,673.5585163746804,6.117398815902461,1,2479.5614336289023,33.86422717455713,0
41.16326218555975,589.5338161424067,6.448499229892926,9,2240.6385375854356,30.04352699778796,1
49.36160318360339,566.5463630670042,4.640231354210914,5,2258.6670535660933,26.291592611908612,0
45.91671002869176,651.9952343698038,3.6739523139179617,7,1575.1318832622064,33.76301508227202,0
55.94901466608836,569.7192230131568,4.586534838876724,5,1654.6538790341392,32.19300188035645,0
40.95850857322424,691.3004856773468,5.260280506582886,3,1148.276402154372,31.615304871649357,0
40.80139078909612,633.8962935669634,4.036241073789389,3,1757.1857536751738,32.14720272351252,0
42.003036772779886,575.6044295927148,4.042849085104957,5,2287.0109559156977,37.18308570174735,0
34.380521378450965,707.8654106632752,5.343787881549885,3,2155.0839547245114,36.55528468510833,1
42.37122489159619,569.7142538498331,4.951347648429548,7,1933.546021114363,27.939853970990114,0
41.20433669223151,637.1047686004654,5.032796995411586,8,1993.309914884584,34.871654978433455,0
45.75196893238104,614.9646290203247,4.241504665299931,0,1793.3343372273785,31.1495045692767,0
46.7087798788858,665.08706446994,4.769599285794233,3,2061.427664720535,31.49728744841325,0
54.38085419607943,678.0755598363427,4.075766855731696,3,2229.7634838441845,24.923187505070015,0
49.75211919093025,601.6002074532884,5.8901984111247865,1,1515.2339637768582,29.488842703835413,0
42.115481721687985,562.3291064826908,6.035249334723753,5,2089.8943063512042,27.561529228990306,0
40.50792664325821,622.9986071469558,3.153812137761906,2,2279.7304612864,32.484176444679925,0
47.45959585753253,566.1142315123947,4.07048913980759,6,1875.469913310989,33.213241501208415,0
38.39883396489679,700.6693623763312,3.503470744909921,4,2210.2101836361753,23.776540946951066,0
54.157293829271765,606.8267665541368,4.3499760655931015,3,2844.396333341766,29.93389540798719,0
50.897200603606436,581.7339224343946,4.916562030209639,4,1968.6971621039324,33.36558451438275,0
42.65412173947647,609.2340152932454,3.55035478030147,7,2117.992115001597,29.439963113059665,0
36.434327354545616,532.6436855235152,4.078140186874687,2,1778.5828749015825,32.187190935007095,0
51.76936187082706,551.4192980744674,3.9960426279185013,6,2054.3753487806152,31.05349640288125,0
44.42730077373691,660.0206953972213,5.2072673293989435,5,2138.081487494691,31.024980695857877,1
51.18908155986731,567.1552860514303,5.0693443370362505,0,2058.4527020810415,29.18605506579511,0
37.02786170602816,547.6544508659031,4.278262446662747,6,1694.091404087343,26.35025758759287,0
42.00312488523114,626.8326376263643,5.176820872139398,6,2061.908531397635,26.63540955772492,0
45.026218498590914,659.2852077331498,4.4533199154127345,0,2438.658781615291,32.128057543365955,0
45.23490296882371,635.9476655332534,4.728344889673947,8,2134.5907293543582,30.05837476655665,0
42.749672642603784,649.8023842902908,6.673452090298537,5,2288.5961567215522,29.584463266178325,0
48.114249661737496,562.160245571527,6.3404610517903475,1,1928.8964089962117,28.72832987303294,0
39.66189785308703,528.9094666629078,3.7004187630724026,4,2224.9700718271133,29.084433463557744,0
44.288102574893536,675.0666825977744,5.829732417879175,3,2083.7803514649577,33.14073538346442,0
45.601478158559495,583.8660080578932,5.811396554491592,6,1714.7267810938304,28.99426775439592,0
47.57219417029374,587.4583491772477,3.8517367112473817,7,2095.5563014396625,25.976805860095293,0
48.558074390444446,666.4097070924529,5.818777643754861,0,1702.491000967907,32.23095532662052,1
39.376789540810655,627.811500470033,6.537931918412553,4,1810.1359175345624,29.385370008405847,0
37.329429146321885,622.7943886040804,3.877455193755586,2,2056.7984921877123,30.094187596598328,0
51.38838410949255,708.2501172450542,4.0824971789857365,0,2089.1732820140373,34.82273491919853,0
46.66157005989796,567.8240884809928,6.017661466843503,2,1643.2302604768613,29.93831832794848,0
41.25756731721723,646.3920064040618,5.271495310825648,5,2316.195731354863,30.867551019356178,0
52.75575987761262,602.8506562448542,5.551476275239523,6,2171.601883490142,26.463229526105025,0
45.57837317146429,613.4296139431628,5.340589216400497,7,1788.581469316735,29.34099164294712,0
50.89648592031913,676.4234213206266,5.390695920928144,3,1538.7245610652474,31.828578135625804,0
45.33759240705054,625.3917878144812,3.673527871688917,2,1956.5286262755706,25.333878798476274,0
55.303739624409936,626.9148039524816,6.047317706621448,4,1866.216885841652,30.60253527934713,0
53.77670421221602,653.6253668654902,6.169589992427774,8,2033.942137115907,30.30237321793442,0
43.75517925760463,581.7523635228557,4.770609255931972,5,1891.06500165333,30.123862366762317,0
49.85785475477178,558.0395166330496,4.956523050186138,8,1397.762941776497,33.11147669597473,0
48.226879747925736,547.7595402989483,3.468892497444278,5,1883.4959185096525,31.003315544545565,0
51.843157787661745,501.6821705311999,5.514254756017835,1,1908.314266679506,34.434215695069334,0
40.17538269709948,702.8103564970161,5.572057441714144,4,2190.0983074322176,27.01923145321789,0
48.4302572999922,544.8395817139159,4.937808983000689,8,1790.5400976166852,30.407773701655042,1
50.292122434247936,588.9373188207114,6.1243533598705024,7,2503.6024020117698,30.25340035916984,0
36.20630256788443,586.159335005554,4.665922769020059,6,1426.5078348044729,26.79223651873476,0
39.083707436671126,615.3703348904551,5.5646059258936,0,2393.3502493407873,32.86888500627404,1
34.803839111199494,640.7868606269649,3.980335661307884,3,1932.7043087365685,36.97401991755845,0
43.65296582777721,643.0236744179873,4.976447849125762,6,2257.875461703067,29.948981776548507,0
48.58771127897981,570.846128071553,4.825645742097164,6,2023.94044521762,31.5150632648213,0
52.51178526048014,591.6439143106794,5.225307922040941,5,2341.866660807641,30.25355542744598,0
45.37047390209887,614.128997524415,4.630473071166642,7,1883.7914106341566,27.859245990278474,1
53.14307772785646,587.5654436908227,4.868527404328332,5,1670.4138724466563,24.537719166593952,0
38.099492708925546,680.3672788009997,5.826047171441506,9,2426.151286181319,27.882679550713906,0
36.48308780322422,624.5487475819126,4.563235762761782,2,1965.9558062353576,25.824124857144806,0
44.722261505516904,636.7438893024909,3.3934228992613207,3,2066.467542087263,35.11230623417735,0
46.92032724469654,633.1440634333707,6.749583904205421,2,2370.4255742134387,29.654670918230284,0
44.836526259529535,658.6736928742663,6.381454078690487,0,1690.4134273716695,28.96224201285849,0
34.66278949980062,609.0510779351854,3.7077373048943816,9,2178.6472692917773,32.66746147436342,0
44.55439980243606,535.1584026022076,5.689707805245194,4,1823.0315730611328,26.634746691432337,0
38.47765249747573,619.9843975876321,4.497025229448657,0,1960.3491933066884,27.699407885986343,1
48.348362744150194,567.4321553104086,5.263487215331059,0,2021.6836896152868,30.204216807745862,0
46.83299123048424,573.5691659125122,5.294224129013494,1,1549.933441565919,33.08630697427044,0
40.30060106836322,629.3182009377547,4.765592199683678,3,1766.3488871538696,31.505055135506364,0
42.43066541331653,661.9141535716818,4.2162343344136035,5,2405.321867723942,30.744975427547647,0
39.703932390555245,601.0635788368031,4.309458947683741,7,2265.8573565754386,30.23435320570805,0
44.686604513634144,615.4416506299482,4.083808084518758,2,1981.2081268018296,31.200707566580327,1
49.77571160250619,685.1107472317619,4.168177791769555,0,2072.937037553868,30.604958715387763,0
40.071369768322285,612.0376589744284,4.932821709950645,2,1911.7272483090628,26.910083175669193,0
47.52023257758922,730.0841557090198,4.284240010889248,2,2406.9750157483945,30.138237664899453,0
42.348711908137794,628.2754822815772,5.68205206571262,4,1939.8942266617507,26.77893402324674,0
41.03563583868828,511.96186204220913,6.487246155335927,3,2069.5526276404544,30.24324762870247,0
44.46484820022721,637.6670810552266,4.419946758629957,3,2343.8090432426197,28.558056175535278,0
39.82378838790313,619.0579192441389,5.239404500535377,8,1766.788554546228,37.61814486834859,0
42.23175347326409,664.4876377041373,5.499685110302934,6,2467.636755349068,29.880316848744865,0
39.010610537055754,633.659067563498,5.472002270919274,3,1540.861577076987,25.787281301215234,0
54.82362566458195,593.0772008008113,5.075955267916087,2,2488.8926393338397,29.597459367969225,1
45.17631775985864,538.7850881855317,5.742682418359722,5,1888.1973248144077,31.558076236913664,0
41.501372460037075,589.5488371356987,5.482248952680657,2,1927.1903756524155,35.020091838457574,0
46.06989955367111,557.473977289535,3.762337577672702,5,1432.9969486451173,28.231642800183845,0
44.43835975154585,570.9738275097639,5.869156064389273,8,1863.561584786692,25.25271607792908,0
43.89515200233389,629.4289202210305,5.887290837266742,5,1688.0580406919348,32.450511034292944,1
48.07083350021713,683.4952252175704,4.236713895821419,3,1817.7060963879583,25.858203882301048,0
48.787538550236526,619.733576491149,5.037937835447602,4,1958.806710263336,28.691533675477544,0
42.34749426194736,540.2058468982408,5.683328992811069,5,2287.3374843418715,29.227138543467017,0
42.1209087967766,622.230133411007,4.790686180420638,2,2062.2810054201877,29.791099640099674,0
43.62474151424178,659.8315743322826,6.072978047766012,7,2092.302996020334,32.06749337122301,0
33.49039417632208,569.5108547840309,7.363872494619361,3,1671.3441833463312,27.949097153140837,0
37.42404468900724,593.2991416663541,4.214013967365018,7,1735.773773119181,29.178812243499717,0
51.83437133722262,600.7344097364598,3.618955396846225,9,2539.6175055053936,29.957188941151834,0
53.22483856750642,560.755084345888,5.303818595604875,9,1779.439689571026,30.448793872556365,0
43.75481980221811,632.4140216921929,5.721562505126143,2,2496.8624756171885,30.293481524123766,0
47.88278481527883,593.9525925696109,4.769133626155231,9,1927.08164033574,31.30801732566774,0
46.55625077271768,620.9766221953514,6.453260663321034,6,2000.6863808430512,32.53151852892521,0
60.39440404227619,555.625391109895,3.661394200276751,8,2321.109548068979,31.177902346952905,0
50.59787455717289,578.1270849838295,5.692918623031611,3,2381.567726581597,31.360756570527656,0
44.36041204259617,636.1190678913886,4.394139179241106,7,1966.7562319162737,25.253330499760565,0
40.22229779699787,581.3583423954117,6.7193779062072965,2,1883.5270839435384,30.15068309749704,0
36.96776839871214,686.3481925616702,6.992515353168118,6,1983.223865443336,31.438522644004827,0
46.017318179336115,580.0181907192699,4.2333434122166524,2,2101.3872584696355,32.18682358371135,0
41.21824627357849,611.2342362875943,4.4504428640914195,6,2267.3911060609266,27.922947677298616,0
37.888731452011626,646.6295415936545,5.859587886979802,9,2001.2689576982455,28.022882175334065,0
41.76713557878737,529.0817133533484,4.612869350210485,9,2185.665889406946,28.277697974149206,0
39.592259981928024,511.9595594009612,4.954588782067762,5,2491.507919681282,31.60924169967403,0
53.43570817536282,523.7171842714953,5.02538842054241,1,2114.3928836794353,33.101643164772625,0
49.408198784747256,663.1292051713591,3.080326843802344,2,2093.4958568014335,28.777619678125195,0
44.960136793416915,572.4070927053776,4.986162253905762,5,1544.3267524729797,32.723886940881144,0
52.39972069445013,727.9099642834126,4.310272225935826,3,1210.7809589512808,30.370439427493782,0
45.386841538238095,571.7876200671305,4.506877177600228,5,2116.5127187690505,29.62714266851269,0
40.693578993358685,609.2275651598518,6.443632003468814,0,1971.5527306157383,29.365847310546094,0
52.61562038634828,677.1054976283938,3.7434931057207437,9,1845.5651975255773,32.23983409380647,0
47.694550218423295,700.3046444079562,5.813205186747977,0,2073.0590612559035,30.97673345036121,0
39.81376922836772,703.0751788318199,4.721037069668191,2,1981.8788812409275,36.82747628294291,0
44.04830660958196,660.4183115296571,4.720239831504165,7,2338.3340751901696,27.443326071008027,0
40.62190873307621,651.2031262905731,5.790371896051711,7,2025.8332604776933,31.554305106089927,0
38.08600134517832,629.6263474600592,5.34005129456889,3,1775.9230144789497,28.41239697056546,0
49.630887737658206,638.9180538083319,5.570612997219531,5,2297.049871687787,27.39213903903407,0
54.54708320235065,572.4407141835733,5.968184660532861,7,1934.8606775161393,29.967398588895083,0
38.00716213090429,559.0900558288846,4.668691616816678,6,2157.961005101692,30.412057438221108,0
47.81484618345286,599.8312771294524,4.38776326549225,6,1856.7767881421598,38.75452066518028,0
41.746787154390866,591.4907688737536,3.914849473442202,3,1805.051934350769,29.447562552950394,0
42.56437308117652,577.3385975336363,4.174589470021045,8,2025.250469055709,26.60946381154595,0
42.03803037880566,634.8193723728358,7.949094425308726,9,2003.8485930631055,30.819032152483157,0
40.68004615160092,647.7652604285255,6.244679580736786,5,2143.9481106100498,23.776079887360893,0
45.24260813972413,604.4203443145924,3.6489256337919787,2,1919.4062740070772,29.7241296521872,0
40.845249417944814,673.876504052763,3.67754204325643,4,1449.0920648688807,30.04807584688548,1
46.35228412889919,542.9155442933247,5.481866061718492,4,1870.1678349234835,32.38380114883564,0
44.748809452754315,590.3170270360141,5.5472647973779665,4,2238.145540143145,32.920866748283544,0
43.80525976566795,564.1588839698597,5.548883835317365,7,1910.7871762270681,28.489291143276848,1
40.46218168979201,506.673169146347,4.745044206446302,8,1926.0849792456356,29.548157956110202,0
42.116143347158335,595.865965707865,4.8745457399970995,8,2295.912951771781,27.701637508167988,0
48.77695612912878,593.9126245808358,5.327879524159357,5,1786.4080318223232,26.61581233557692,0
47.504585938121906,675.6724871621066,5.085893006293331,5,1537.1590345271302,30.929684338141904,0
40.11222377600724,631.5405842277389,2.780699627252465,8,1951.8106641423517,26.1792433542102,0
45.49666152714613,548.7906587835398,4.770200369424806,3,1854.7478146253789,28.75611929828441,0
48.75693561685895,692.7046283167094,4.148593565739686,5,1710.1261040740237,27.014478120302286,0
36.652973594393146,661.0516847762676,5.175211418908512,3,1947.3864632303928,31.64904955887078,0
47.71680096189967,629.1048851734308,7.98525900260341,0,2147.451694174035,35.40429029779946,0
41.686881205270765,588.6757950575084,5.367481665474305,6,1997.2134315296553,26.095236051590007,0
47.852993342965796,552.0280381638261,4.686470313827602,9,2092.0943218058715,24.440944551307293,0
41.18370421728741,581.3896611964474,5.921801501977252,5,2544.022309554627,29.625339343949797,0
35.9755894966774,654.4374309852093,5.482687887209213,8,1897.1363415327307,30.047093387873275,0
36.862287810584185,694.2293152967304,5.4200944904518416,6,2083.504590393401,30.655977920271894,1
45.24042473330691,677.1621764136095,5.606850593215671,6,1847.2359912202596,28.661038454296964,0
46.29861250860741,575.5575289106863,7.056543564829541,1,1746.0920840339081,29.398082103523706,0
40.47841687447796,544.0191283355495,3.8691115646740846,8,1824.527703974669,31.102531231621807,0
48.19296229388687,607.0443123455602,5.473632076811454,9,1856.3724285434935,33.12129267793452,0
36.6923996886552,511.5780317218574,4.0736188700184615,8,2107.842739264138,24.13485368904515,0
44.669601006763415,616.158385709239,5.555512646342248,5,2704.722736010227,28.893181682905613,1
38.94491900118771,592.6198706850665,4.0813134885139055,2,1785.1869691172478,30.64142638182319,0
41.7408194609892,576.6981749065878,4.582633186394916,0,1875.0124083153612,27.24607168616779,0
45.23699335658207,520.2648466366602,4.704910085762093,3,1981.0630960666256,35.193508895301896,0
40.69793317358024,625.6800053284858,5.975816719344709,2,2118.739654612924,28.09377035931379,0
43.077222278850876,573.3649580169044,5.918454443942414,0,2079.0652435864354,29.87612193897815,0
50.0314640460722,541.5041582144856,3.7542826235536157,2,2385.2287381844353,31.668066290526873,0
42.115540652384254,456.38688933591754,5.054934110999849,3,1272.0823788394375,28.226145633594317,0
49.17846056032571,598.6242547474682,4.2904201452508275,7,1283.9210389412983,24.46028085658675,0
39.35146572671191,688.6125798334872,3.7414950893246655,8,1851.2365483969552,28.7140364192504,0
47.64902088957641,683.0629607273935,4.782982949575629,2,2329.1900562631126,33.08832166778112,0
52.207843103289505,577.1451871706864,4.6915172115441806,5,1530.3055905183212,28.989314619644585,0
32.641777499363556,569.889396981911,7.426716486345523,9,1097.7102980918728,27.460697095623065,0
41.015523722647615,623.4387128037512,5.4329598253606965,4,2171.3538218657627,32.777016628508164,0
47.8853606359027,550.0807280405854,3.622382499245763,5,2073.0971671108146,29.007675311930843,0
43.984773069785035,615.0895949909733,4.435225995829057,3,1672.937477960171,28.469517559049347,1
46.85572936685654,638.3040139192345,6.021383295429398,9,1704.3381197837211,30.448368268989928,0
41.9800740664209,661.3466611942154,7.088442772869925,5,1709.0768841095978,32.31225062885636,1
45.4329489373645,594.9922961760024,3.4140166877620417,6,2033.1605952421821,37.14514059519764,0
44.221613823039604,589.8163124911517,3.120075614860955,8,1812.1054171450978,32.48170832297227,1
50.838910308299035,556.1008706621719,6.870965175371782,9,2148.219175692656,33.479519899165034,0
46.272104216506065,558.655982298007,5.389614177370904,6,1143.6120011286826,28.482101403036435,1
46.68801331037601,588.6760554049237,4.131707268123634,5,1742.9444404616602,26.922395682091572,0
42.94061516938766,618.3682753408089,5.534629086122435,0,1662.183811726685,30.18699404885737,0
42.56196887963753,645.6792313116624,2.3642522609831222,1,1923.0977964882522,30.321509745778787,1
42.8372090609019,559.8410524659828,5.003375506597161,0,1838.5856724529585,26.76446177590621,0
46.97226071189149,674.6344284479761,5.327821172843085,8,2239.35313396873,29.474116410287962,0
42.895077595898684,586.4438199478716,5.92427013953783,9,1442.1989685019828,31.197952805157392,0
46.448874284482066,598.9316352825782,3.986104047707462,9,2013.6474428992256,31.08118018505424,1
55.37700399322719,562.6394160426088,5.085687161403359,8,2167.5009269635116,31.512863560152816,0
49.35562351715846,478.7879869863529,4.074575373940412,6,2556.9942309685866,30.872894190412328,0
43.369882339160796,644.2022698180525,5.255383755674317,1,1855.4702086719574,28.47897402218983,0
51.00606961081972,636.8421948546217,4.104653677636976,5,2097.337581305755,28.45829812005347,0
42.95962313489224,585.9336221440893,4.5918991608397794,3,1458.8411622312906,26.403145806018372,0
34.80937732411073,603.3495358612436,4.004184605209771,0,1282.413138706093,35.354325117555284,0
39.95956844541298,625.796960885205,5.651136241823657,0,2253.43231273451,30.04035109385788,0
35.646040394870724,521.8727071556729,5.858451116656665,4,1998.3319119055789,29.325440832615445,1
43.24243257979346,573.5473661326853,4.765379430042586,1,2353.553806939527,27.213623755642622,0
45.09209189594776,639.7132339810913,5.038237994960029,3,1587.9791333090752,38.806973706983335,0
53.382186561376415,537.2855288415375,3.551408585366456,0,2155.9706418586256,26.780015903331314,0
46.63463686882081,614.6778966083315,4.700323351993213,3,2560.645352163156,28.71345622318178,0
43.90449735595568,532.1709097688297,4.949795382958255,5,2125.9116825071796,31.24751050885818,0
49.14702790591745,623.3214991216763,7.6207930910299755,9,2082.974451677315,31.800638897232833,0
33.944323454960575,598.2179258851259,3.8880329742258364,3,2002.566824247305,32.87379616564705,0
46.17807279054283,519.2434092047246,6.464177238752438,0,1528.7355628622263,35.42282552330779,0
48.85432596943483,658.2369677228586,5.996858773465808,6,2406.6718807131047,31.518472966382138,0
37.60706877110079,563.2704211600975,5.280636404490137,1,1816.7427080584803,26.831907600099996,0
50.71877021603464,559.487378149281,6.758620484195133,8,2151.344976914905,29.229164624634656,0
46.69248203747207,610.0284598615472,5.372105472606863,2,1531.089708028624,30.923497117541654,0
42.923560430495996,657.4318674714358,5.389159195667928,7,1646.162100647666,36.20467812451747,0
48.163909330531425,549.2089090510801,4.946879346982454,7,2430.5262197666707,25.80658356472711,0
56.35346428902198,603.0839924923986,6.223568882418627,2,1895.8093133126472,33.607729515675686,0
45.90933127529247,621.4408250165286,6.0964692338108835,3,2435.9826428127635,30.53974310863925,0
46.24110293150168,634.6552803631572,4.374322712503788,1,1976.5308022824447,32.51349160568844,0
42.70319550229878,608.8220777638612,3.680752805401233,3,1447.4306681126427,29.694015850092203,0
40.75077815267604,581.6486080458338,4.797019362604343,8,2267.620279919516,27.47270210962102,0
49.15167908272123,558.620488967564,4.199961435602353,1,1823.0323046733176,32.252618338203995,0
40.719580870455665,604.3071941523187,4.936475425384645,2,2209.606644055113,31.963293081316863,0
45.35783118609696,546.3930494007196,6.237438134684139,3,2007.5632602620246,32.91617089721917,0
42.61171276617441,453.93247582526965,4.54269834491321,4,1537.064531617139,29.960086093864096,0
47.39489912873196,621.8279902078834,4.957176618688425,0,2049.2884296111706,28.20053393004045,0
46.668310526434745,645.1967420543098,5.058022734808395,6,2658.8669426458396,25.323639014928474,0
50.1876997212895,481.8533782229081,5.848430882205284,9,2147.8959375543377,32.45811980441822,0
42.44991800572627,549.5134647645032,2.753110666015395,6,1982.744674098361,31.271668447331958,0
43.65062532353314,630.9577130502599,4.393299705234703,8,2322.6030205870693,27.102652101408122,0
40.106181421088465,702.8747734855849,5.211283692279473,3,2063.200539560933,28.38427898011013,0
42.778533699619445,601.0396853837703,6.200078956426861,5,2062.8602690788384,28.599723564145677,0
46.88650246522426,563.5998529385433,4.508097552493795,1,1672.5124483522693,25.551046704052744,0
48.78494308322676,590.855177944758,3.123447293958126,3,2070.1544077368794,27.5469528101846,0
40.389173379111874,668.7438209574093,5.619711445966137,1,2310.633024925083,26.598508929580937,0
49.3480296005283,567.7017910437733,4.364637611174371,9,1749.1813543699925,28.76256296433619,0
51.778189294024756,560.0403996674873,3.8103333409096387,4,2427.3487463740844,27.78390750501131,0
47.067174516118506,575.8628238908984,4.375654610286776,6,1972.4881927564622,25.118985237399755,0
54.38397906279033,552.3335695870644,4.81547464234415,0,1733.6691465384379,36.067770691708446,0
41.13105400448214,606.1335157997398,4.395255335461787,9,2299.2896230760734,33.75762219308769,0
38.776726483442914,681.2339229234781,2.794433942900931,9,1913.9617292785192,27.662941735440043,0
36.10639875547861,616.1539636558015,5.897066196887132,6,2227.8544662458326,30.81726418996083,0
52.480221557445915,587.3823248936856,6.274875041278722,9,1912.472410322439,31.252395269463886,0
48.27182828177029,585.4094365542228,5.651521991339505,5,1982.052156941029,33.57325756432043,0
44.72207664544772,521.8404595651672,3.8623143295751836,5,2148.0680613002874,27.544184920019763,0
46.3998431315991,644.1554888573579,4.798508466052482,7,2087.269117277002,33.27632035194728,0
39.37255476350812,596.1081401493599,4.993478684770542,7,1401.3404658644786,28.356284087379194,0
57.228759898084135,590.9760043204687,5.598794389561911,5,1663.6268779716825,25.99241278749416,0
45.64610590987614,759.655378392243,5.668340488718081,2,2278.8229954372446,32.17240967794349,0
45.546973973024464,614.9376454182843,4.265826201221504,4,1960.3590233295358,33.87227527236728,1
48.62883311949346,562.4104474952408,5.081995556413561,1,1842.8806091685735,37.763726920592056,0
47.40504615868357,578.6821201897228,5.457280404615241,4,1592.4277954227578,26.40082420472936,0
46.119420121395656,657.4222854598378,6.4558223221467665,8,1676.0791036172454,32.096759055242366,1
41.04762772277344,605.6635205268882,5.704506539824723,9,1393.460408011416,28.7705962686194,0
47.35734178567998,528.0861010841317,5.789056687375519,0,1969.61578438954,32.350076131572095,0
54.41012248237517,645.9614467287602,5.083826627929361,9,1820.4687258256859,25.588531346306247,0
51.72710023077489,566.5927957230504,6.410459145203504,4,1710.0236327044054,26.211690672904307,0
52.965933133196984,693.6648888108773,5.409762795959497,5,1979.562972449614,27.67237553050055,0
42.443921617844076,654.0024032857324,4.138912089826429,6,2109.1911892558214,30.236892137004254,0
40.0519758987071,577.6339052170624,6.4033699701251905,8,2627.9593796629833,28.076756200384935,0
44.37106539950176,664.0508180867556,5.697903272539028,5,1546.434974131036,31.977163031740258,0
45.27862456144347,603.3927755263702,4.5569559788715175,4,2347.8143129901564,33.080683854773746,1
50.47095759235474,642.6386837561109,4.520507032600757,6,2291.9304683045216,31.79873262373607,0
36.5376768514259,624.2366408647238,5.296575545140762,0,1766.2721781869898,34.856362918982605,0
52.64775159730307,557.6821672504564,5.463184795267585,4,2060.9707863758094,31.24747988836603,0
44.20996050710505,567.8225083841269,5.197292265631207,1,1862.7100251987154,26.3493098689795,0
42.8655946502629,651.4980408790581,5.311308673442885,3,2055.7065741256215,34.09012954061502,0
39.93947812369916,583.2612333946729,6.69995737457638,6,2452.739304021365,28.18453129318201,1
36.72571664067115,579.8175768379002,6.071543152234886,4,2181.681869789394,32.73125549905671,0
49.11585291980957,552.2438710325323,5.190635591265024,5,2152.5825119700326,34.721202649665315,0
45.36658983594202,621.1799532796731,5.9413105807674835,1,1870.9072040136073,31.3700640321912,0
38.55019550129473,703.1262459621572,3.9674760964724607,2,1554.7830005226995,25.51152356050605,0
38.52460613968192,546.6233542872864,5.397927049946809,6,1937.4595368378775,27.245363500470624,0
43.32107650354936,601.2109728336379,6.80930634973311,1,2361.9824464591748,33.96823340065541,0
53.34510762644696,670.6110277707714,4.781954104607626,5,1541.8496430231057,29.49263194307155,0
43.702043243181976,596.0179304377142,4.152366071380915,4,1683.4731895469915,30.238720604826497,0
37.48428523440947,622.6185898124867,4.3479111114069395,9,2037.8803208702204,32.27647324849083,0
43.77128467957028,546.880323592656,3.9103669626576116,0,1704.6035645458212,32.08896858624097,0
43.63638215126165,621.4153548603824,4.215238091872297,9,1762.2429658654362,30.83639943715638,0
31.515566785292144,590.6427867497725,4.629491901409971,3,1872.9204254815468,29.373994886338604,0
44.72852566741094,649.2864997839931,3.5944329808213578,1,1590.3147787429552,29.061994662802928,0
43.84532734895661,659.3693025782376,5.015618333949603,3,1707.7634461350895,32.57369647587403,0
48.48103182406709,729.4781821009307,5.902277173786647,0,2211.0283750361928,31.66070859320338,1
54.244780474726724,628.9816586606788,4.0922438198530795,1,1607.7890653307109,29.228099998146632,1
50.632825147738785,616.2898158291083,6.519283923641769,7,1520.6383596515486,33.246336938979425,0
43.65555654722585,609.7192150788668,5.5107920885275945,5,1810.9925061398317,29.61289765461065,0
39.46737045629165,582.3416853594656,6.030580585624057,1,2219.5866507529536,27.44501347699682,0
57.8667990162493,616.9241921730845,4.342165446147863,5,1940.923457600933,27.723087903289965,0
45.29609217007244,585.2299294930485,5.854525227066616,9,1860.6256765653145,27.063777491070702,0
45.06964645956473,608.4230488134807,3.908066099604687,8,2013.307639254682,29.182769950188938,0
44.87937456444998,665.879876780398,5.890247500836509,6,1476.2877701421044,33.70117283500858,0
45.99042380383928,549.6728717360179,5.171839339793531,8,2148.41169613251,27.584714456908472,1
44.27819794038029,656.9939280564523,5.553251219984784,4,2115.030509421093,30.56542728305431,0
42.13168996559882,665.8557533669932,3.824405394375148,6,1877.2074577712835,28.02993196311776,0
42.26570529379804,594.0965736504461,4.104930157723396,6,2301.777353538925,29.219072876185688,0
44.83623364892001,493.90725504957027,5.597228218253385,2,1661.7511703140883,25.469876364044243,0
42.282876144331176,569.6089006452784,4.051651995775799,6,2338.372697976071,29.338385312530388,0
41.43577108661418,664.8497273280555,5.463206292099123,0,2046.3480996785754,29.418883860585115,0
45.53215113845948,598.8565968850559,3.6328621935397543,8,1899.034223036548,31.620863832107087,0
43.72511391289572,550.0348883852545,5.8481742126666685,9,1994.0379093895065,30.66984273976611,0
52.51996494291345,574.7612539385891,3.767476685231491,5,1967.8205702567175,26.404823625143862,0
31.74515095803494,642.0310013252276,5.552299937679523,4,2366.0848689253153,33.25259473213063,0
50.45753425961231,627.336678410069,5.625630933646001,6,1676.996261758696,30.630909120665986,0
51.23042596248815,588.0533950415153,4.303228181570425,4,1771.2442282560205,30.59518055153246,0
34.63304883795925,581.6587794092657,5.582026567084727,9,2310.890867621744,29.972452939844583,0
43.28656202959826,580.4120925478089,5.260442263333556,4,1821.3395194448422,28.44672765833334,0
43.142795670021044,553.8794907750748,4.461158143807261,9,2270.1599231994774,30.653407019246178,0
37.96244152641089,680.7687844734721,3.9914453159237917,6,2509.830794902613,31.426765307785747,0
41.110916562045624,583.883976539433,3.037374308327421,9,1879.4614919175099,24.759312925963336,0
39.44712077267086,660.8579260412748,5.3496500472996935,6,2204.4086979725917,28.383717487961714,0
53.761352217118116,676.0658025961226,3.4351972286379446,2,1653.8923155980424,29.23515908878923,0
49.678391965737305,649.915544907398,5.095344199441308,2,2226.419989420343,30.768511817082835,0
51.35777547497079,578.4189843640976,4.736551783917751,9,2059.82719579603,33.57993301778138,0
48.60836032021618,620.1865045168305,5.679142775438195,2,2141.9114846480647,27.684777556209653,0
39.354741143913856,598.7902196804542,4.697954500510136,5,1806.3283783893814,28.506114459546474,0
42.37739866860113,554.8149069634936,4.6705522136529085,5,1501.6749753298482,28.46239766806035,0
47.44687280613959,616.2179640860802,5.731870704288296,2,2150.9756194248516,27.595417229686376,0
38.88936095554027,541.0480104420099,5.335058029084117,2,1380.9790542561636,28.958440514663213,0
48.56499215086194,659.3839694230782,5.316155957182779,7,1904.7948523272396,32.31240665996391,0
43.79837300920933,576.7691351350803,5.469267589808526,7,2282.354559925991,26.83849351390696,0
43.12589596225201,610.0579827936419,3.464427876792894,6,2057.5693207619106,31.283443185458708,0
48.554799841017456,614.1643935773071,5.756788679986982,9,2584.502793436944,24.89429330994499,0
47.2213165574302,587.0547513147961,5.612468794013602,3,2307.532745774532,28.31598601067338,0
43.1951691709046,629.3346900737637,3.9833168714235025,3,1803.830483502327,29.01153209934604,0
50.79664901682124,576.2548171688737,4.7559195263257985,2,2008.1940139554315,35.024579018742195,0
39.59468336200051,643.5648648728622,4.960692712372369,4,1985.7887892366691,29.175593085741937,0
48.07967803472132,532.7010159876626,4.865503215598268,2,1525.3469709961619,23.396269579647246,0
47.96550628984192,606.3189789773206,5.333859966568535,7,1717.880325054694,24.00333327941625,0
43.45226780343005,696.9464499529142,6.4313667818311835,6,1831.7717279060419,30.102088759040043,0
46.63066511121059,549.9834337697213,6.081766727672829,2,1389.1338491432189,31.841312567369727,0
38.74443211807348,566.1127514737574,3.6877808065685937,8,2014.2480404754929,31.126367572881758,1
49.6201350960345,625.6953924829457,5.6220699903060485,4,1925.2784466040878,30.502710317402972,0
44.075489317785056,608.9790890969799,6.32893331953541,8,1498.1318296065278,33.486778792517,0
42.3863848974048,617.531504963678,5.386808520689202,6,2121.2638595831995,28.381226337788604,0
50.245046129184445,624.4593565073832,6.0909804251859665,6,2214.761823407288,32.684731668080474,0
41.4782815472862,631.7360734280885,7.012270445700765,5,2068.1103436594667,25.10395534492075,0
37.957693518182204,655.4849920978112,6.023709546106981,1,1902.779547437309,27.285156501185803,0
37.21685413238048,620.4909328464256,5.249308595641729,8,2177.4326455255564,24.57887581520455,1
48.0300497567282,587.9371172690729,6.0450884740847535,5,2204.066108143007,29.175464097990623,0
38.597853237518585,633.6286850601366,5.144887833096891,7,2092.2210709159067,29.861216348200973,0
53.77397090992182,694.9940967447608,5.023903043284956,0,1752.6163248695716,30.34230447667956,0
34.59035296058139,593.3683126808713,4.648585764286268,4,2082.9802296533544,30.185650058661405,0
53.48228184145019,551.273534766468,6.563413358832108,0,2358.6441952476434,27.217340007564815,0
46.055087336013095,655.3540334643486,4.181571334057999,9,1821.011282416481,29.429277466760354,0
44.51643444064804,593.9809418023201,6.5323677246781156,7,2629.3818017397293,25.507659994182752,0
42.27540456595525,491.3665226992982,5.499864123740371,7,1842.3107198043847,34.08968692539675,0
46.99568057176035,642.3710838575211,3.6006938251980585,0,2009.7221040020409,29.089121781305998,0
44.811826487875756,573.2335907023039,5.3676492929914215,8,1798.2543211980992,28.533341642868926,0
50.516509410082605,595.4733358847919,2.899973492348376,1,2066.9812507760785,34.766820985332245,0
45.5711382433102,616.5990165284508,5.625508016831036,8,1477.3334922094175,26.273260399352313,0
45.751508807309385,609.5249839889533,5.885231482988991,0,1836.1874603549836,26.623238657904093,0
43.18193893893072,635.472590856952,4.407644044347946,9,1672.36363989543,26.711339025394306,0
44.71527188139466,578.2256814715079,5.123547695955582,8,2040.6015043676873,29.796385854901555,0
46.5390088444603,625.6552899088041,6.954157433750286,3,2298.3342126526722,31.294894888912793,0
36.449158036716874,587.0226661208042,4.494253295738063,8,2193.8018561343656,32.2190264043535,0
38.25907288947143,636.9405240443751,3.9410924129433997,6,1288.5021917423323,37.71598595248491,0
48.71632047011357,630.7683742006527,6.4816634024625985,5,2612.620895878364,23.25170263739771,0
45.85432719063971,553.2280648977702,6.962587190530795,4,2088.5839821862605,31.82620676737325,0
44.0800833182366,654.2991058087516,5.003695671847847,8,1767.0502578521,28.328608282283305,0
45.09216966532696,573.2018277442976,6.011463035408356,1,2047.1383756972823,28.24075455333368,0
46.737908526808354,640.4028899140573,6.341475915530881,1,2052.8569467508078,28.140683615238366,0
42.30120159845319,618.3643656700671,4.257515767461616,8,1799.945384914531,27.27369098757608,0
41.108476372988434,691.9091838397561,4.5146941646321315,2,2059.3750002026227,35.05357450381035,0
45.97922627548841,588.8267008814074,6.230874513154735,7,1817.758313713908,32.52689198104171,0
40.10813611192484,582.5341601940901,6.685014278708509,8,1878.691402192993,30.069587935672125,0
47.04126377857236,599.0290197056133,5.562880860174355,7,1794.1162592734747,34.053047257461,0
36.4870819788108,584.8410108582863,4.120185646497946,3,1570.1986130781042,25.462413104103373,0
50.14577818662822,639.9970950971025,6.987061111699441,0,2043.750941064615,26.00788460600722,0
47.362987412065216,519.1844695781706,4.469029102188036,3,2175.5898309549016,23.466096803415937,0
46.28014867156938,547.3158790426824,4.6648622188285485,8,2154.465078822912,27.901756379630136,0
49.91345491972757,546.6098539210403,5.342337834489621,1,2245.9775757905704,30.48509558011426,1
53.32737222231288,647.5153795986788,6.554160420714775,2,2097.3020630044603,30.308575733797003,0
50.07185032509065,685.5306686290962,5.853975976552224,9,1840.182350534929,30.44802573317964,0
35.795628843341774,594.7775390731264,5.414865500361911,7,2251.8991593293567,25.766829506801756,0
38.60211516632149,591.5589138404995,5.463288530118106,5,1592.7447380474196,32.409464227842065,0
41.875907111521606,603.5026081556591,5.043514668643466,7,1729.798585246256,30.718882554716995,0
45.130455251054165,658.0939151304095,5.558139514518507,6,1710.7399785730265,32.199162844397996,0
47.58829510234561,553.6323432904713,2.470439922305697,4,2324.016817741793,24.321713467229845,0
41.37128093423267,611.9184491367392,4.703392540930202,8,2282.8365542420224,30.934472576393368,0
45.93383382238539,648.7598814891215,5.2413219349167814,3,2146.1915711134984,26.43670428024742,0
41.22308533823339,625.0547084969922,3.848985916380493,5,2321.5789595635392,28.808030242345914,0
41.94241098504026,609.4790808299372,5.38632331781156,1,1736.2151652764037,31.60309469590915,0
37.96669451575889,650.0523046283571,4.795528779013878,1,2104.578535958294,30.273280818767738,0
40.38383376944548,464.83838535003815,6.7554756983154896,1,1962.4476714850507,27.445380060662043,0
38.241576971918334,633.8937659765454,6.573019725214857,9,2254.064631165474,30.018819468553254,0
40.12063373511334,567.2962158436288,4.534194430881837,6,1965.4327302343406,25.40539405426907,0
50.2682089830392,508.46835515717714,4.8491622884333045,1,1884.5171334769757,33.45080218769489,0
40.25300555584028,625.5601299762491,4.9260524343916074,1,2162.272555568297,29.384147941511245,0
58.161910324186955,668.6829272581479,4.548340523840377,8,2262.85075015737,33.35564983276598,0
47.466589504404446,593.1275742686154,5.195024984028127,6,1799.4964415459594,28.420404938711872,1
45.92418061847437,647.643727360147,4.24171793111241,2,1981.677298594287,28.42927203478025,0
40.70821109909393,680.6139128994323,3.8693846650624737,2,1682.467809907504,27.70743964008646,0
48.501549397044954,665.7457226792023,5.622711223900269,6,1250.5816947521182,32.62852179507922,0
42.12181086881113,681.9982264685697,5.629529584221811,4,2060.137889424119,27.871706528014574,0
45.610049073226804,637.1063745535946,4.195684240340007,9,2182.6716068763894,31.93378629724553,0
57.800422691343975,603.7716819450796,5.895355430762599,5,2078.620042726018,28.85264280699213,0
44.519700501376754,519.9017094051416,4.368422270834668,7,1415.13148467369,24.07211010032514,0
50.74636663142838,587.6968755935026,5.253165238037981,8,1894.7451709770576,28.289057796640602,0
41.48411787437056,557.8376702341905,5.820344012612456,0,1334.4956719846755,26.462675356911454,0
44.82505754751519,708.5471358748907,4.966387435296287,2,2410.9103322962555,30.10170817104701,0
53.85400317817755,591.2057093783832,5.454740912141134,6,1674.1836253645743,26.428776792976528,0
41.86516471106116,606.1602403392243,4.483570356112429,5,2376.621082837969,32.77792530214385,0
54.062242789984644,627.5742688020234,4.803533416571903,6,2283.7608931052437,29.726772418940918,0
48.538759677277376,602.1801223186227,4.7941405691196595,7,1729.8228942391816,29.46721201572378,0
42.18766612052866,684.7525520215377,4.253421653459761,5,1660.1645146196765,31.96767641336275,0
48.1620386952776,568.8675319132774,4.823225836884218,2,2105.1110649159014,32.89172080222759,0
49.86277224813365,609.7303727618621,3.4513817011362535,1,1746.7027888450787,29.939703744691045,0
48.10904981108598,562.8764707150976,4.508846252857896,6,2030.7453926474623,27.68639910135213,1
37.14887640054772,533.9988744389647,4.715124506630329,0,1855.1517227579245,24.67809115166361,0
41.364314120875655,569.4115454547357,4.74382024750462,2,1465.6524756603098,27.941850728894458,0
43.762406822242475,598.1481601475793,4.758502554129221,3,1330.8595942626623,28.148363260056115,0
44.62783285449977,578.534888774137,4.938235800139871,0,2068.005274548379,30.32117235897689,0
48.10336048775339,565.3789510063073,5.479441518086064,4,1831.5326761008123,28.96455935658592,0
45.88850500466627,529.6841268164083,5.874517074132522,9,1834.0730549257603,32.06379891615428,1
38.323278206449494,595.8447213685653,4.350234773151733,2,2208.7591517281357,28.161050186187932,0
46.90098925502981,524.7639812984498,3.7967991446108558,1,2352.0326829897335,29.828876499441176,1
48.05292872641912,638.0027981844801,3.957955587756897,2,1918.2365835914572,33.551962329590665,0
47.7989522396552,604.1219876467252,4.512797078805073,7,1897.8203879270416,31.0254756418649,0
50.40390362777311,527.1224250267535,4.648078682183491,5,2150.042909934165,29.819887374934307,0
49.16961077274452,584.5395461475068,4.230003933802543,6,1592.9193290901273,28.19416667419447,0
47.29590039614219,562.3921797204708,3.7038833357501053,5,2066.945916424309,28.10030580985507,0
44.649171442706766,615.958725520959,4.543879172525812,5,2165.5657915466463,27.44816024114416,0
36.69519533242004,667.0225223011572,5.181426620113971,2,2204.0690625252887,28.3769794026513,0
47.14809109566293,506.24137651771275,5.595029465835565,7,1418.9741892492607,32.26699751623294,0
46.03843843581556,605.7513039573709,4.442576946891679,6,1771.5934190573178,29.334335186123194,0
46.35789418597687,591.993360221668,4.587002177856566,6,1736.52102415296,25.950680791856307,0
38.61625712089845,633.5670038225232,4.07330169115269,5,2029.9660863227639,35.304507879179354,0
39.59471729795869,610.6598314118845,4.968560829625224,4,2144.223373930395,30.95989557343549,0
50.26576426666452,562.401533413059,4.151571365809185,9,2449.0131222337945,25.779169798460494,0
44.802224230716725,584.0473032166691,5.5731278132412,7,1851.510355889578,28.674453218277527,0
48.40750348686312,560.1987071598255,3.214133508065889,4,1850.7282505072358,30.332659148485252,0
45.14159188065231,653.8003569299299,4.640370327547537,8,2344.901605663624,35.11377627989213,0
45.14878069747873,601.0655824335971,5.301107339191742,8,2088.9730815590915,26.675662625223392,0
49.69141902987999,695.0595342876504,5.183834516322504,0,2380.295453356392,32.928122158067836,0
42.41977635891313,596.966959309269,7.693033663980497,5,2086.6184009029507,34.19845928091703,0
45.48060388470492,564.5796616544768,5.349800024567908,6,1652.8650143860186,28.11403708477629,1
42.68862355647479,524.3142803693586,3.9959454031579895,2,1600.061493566658,29.1674591434193,0
42.827518862838424,509.84301618720275,4.904535752910927,6,1534.5463252823213,26.89107225787869,0
43.454139382656805,520.7932028497255,3.2237536665335482,6,2198.615550427542,29.389616576759085,1
46.110668858168566,613.3563325505742,4.919400250703239,1,2356.5790469261024,29.890230076971207,0
42.60625689168261,625.4362511614967,4.166943942999241,6,2554.808642415914,31.97894999424711,0
51.278780627867604,520.9404648983933,5.915390275560162,0,2252.931599696972,33.27055041306134,1
40.52696348890248,644.7519157038058,4.450459725404465,4,2348.8515732604956,27.755711806135057,0
44.06564177919321,575.846947415828,4.883234084204753,8,1825.9951002038947,24.098024807322016,0
42.801344708629124,607.3396505992774,4.364442158595597,6,1653.075254976843,29.936265662171273,0
52.23488942176866,680.6110314127712,6.738851351853331,6,2255.023799725266,30.880612589905923,0
45.98277388255787,644.8419657932766,4.678757233882088,1,2125.3042256718204,30.748253063055124,0
50.159222697343175,586.5734676047084,6.832557043479202,7,2032.2333123022677,29.019980257472866,0
37.57219813481514,555.4403887292357,5.814151762118266,2,2116.211444189897,30.374256298991803,0
46.33525132934629,492.4092299335348,5.482066727335386,7,2096.9556447374616,34.54633442505674,0
49.44815397811718,564.042334037879,5.36873314731752,2,2385.1450579560683,31.14520250688753,0
45.41141994637712,589.4434880586152,5.393797298216252,9,2388.495675445087,28.87989472499075,0
50.32740187532676,550.6410236424408,3.07232742065439,6,2163.266105702104,28.499406548712013,0
42.41355774949814,593.4371516453848,4.721116605849243,1,2253.7408617688784,29.490442926966807,0
52.0467372009279,603.8425941479384,5.845157971184322,3,2154.2187657274326,34.91021988549192,0
56.49449061809625,588.7572009095961,4.951102816525895,5,1861.6490803896143,29.45009787142141,0
43.18580719780171,567.499870958827,3.594810153196425,8,2226.969402473942,29.940616966437876,0
42.77248739299614,608.4327335983364,4.94759554942253,4,1581.6514793422216,28.55305928719109,0
52.2669223855885,622.0970324784705,6.704105516255491,8,2316.167465688765,33.29695007232589,0
52.89786072865356,545.4800461278577,6.246891715534719,4,1641.6431180701895,35.879511764234024,0
42.38569986423366,670.5466189873135,4.9379959906339685,9,2085.74098603842,31.351839148294165,0
42.89906591452071,595.0705933857869,5.951449277058087,7,1746.4538124721523,30.248318711356276,0
43.59107695569747,600.9424811472423,4.633492979631948,0,2166.016694922328,30.110348499522704,0
38.27774744482861,635.4107211628278,3.296128413173281,6,1989.8224322216274,22.847079633642764,1
40.40674026757901,611.6608065631751,4.075534011870445,3,1521.5732125510003,32.23545259285445,0
39.97929616623966,647.6568316956623,6.562888768508198,4,2126.2098893055436,30.40249924798753,0
41.16101217447936,614.3562082600912,4.726006918170696,5,1826.6237669501868,31.285026151982176,0
44.82657556306609,569.3781312679781,4.756616020624982,4,2264.3440162440106,27.865613417748886,0
46.1710736626826,618.075176260305,4.70016180372512,0,2000.3977066203222,28.846629363068725,1
52.75250246407038,542.8136896339669,6.904136589573007,8,2118.6262956164114,28.766925190490483,0
40.00822979630605,605.4279852888261,6.625958915362063,1,1712.7293134954364,33.064868952219115,0
49.92161199238292,598.338500467777,7.218780233448134,8,1823.2003305717915,28.86372049019072,0
43.93005577887246,589.594157136373,4.840954789599949,9,1862.4084091696745,36.24798096632939,0
44.752681451737836,593.5731244280535,5.295624488747095,1,2257.0107440727666,31.292587257045113,0
48.37409746083302,505.90754772511804,3.483357450579209,8,2503.213126341647,26.172952020012804,0
39.386389892188504,572.5637546129519,6.476934426118275,5,1758.448474477137,29.61436112024413,0
46.912048730920255,604.6422450570558,3.8322204487320652,8,2323.054443397304,28.044974633530753,0
45.83226104106528,607.99281959987,5.216775563762629,5,1349.0967746822894,23.416852590539925,0
47.462256320040744,548.6162429537021,3.902697472367156,5,1641.743179672313,34.79841282034137,0
46.44584321953909,663.285392043235,4.4111331732613035,1,1712.3664631439676,32.109427626660015,0
57.276500699554475,556.691257589275,4.1627375689503,7,1594.2473931677832,31.599621953697937,0
41.81130007874342,648.4728600263369,4.392124739324182,2,1524.923483063726,30.496210980899114,0
42.34501522499091,621.3597180935842,4.460877296851021,6,2123.899673641339,25.853947293922687,0
41.88429736787618,567.6886345078099,4.451731205074923,4,1935.7796906816416,28.54914858133369,0
42.22261440419873,688.7655446304756,5.833333911780307,2,2113.821619281533,32.52534232435204,0
41.81306436346741,540.318158412176,3.8951372069374797,0,2207.141805836454,26.846339910652492,0
50.94508265553776,645.9577086805001,5.220541427013867,7,2079.68509795176,22.404692051247558,0
52.102521239949276,650.0291159021489,6.217959152305559,2,2197.3289528451123,29.31868197665722,0
42.146268531252616,566.4689895461678,4.486803635486604,1,1979.1403141273192,29.574727337917384,0
40.838222134478855,669.6232650032165,4.282081109252398,0,1643.9019835082765,30.40669024924413,0
47.35707778193202,587.4976742700524,4.769475374819749,3,2317.344254246239,32.18555593054361,0
42.23888477859514,614.4346814639929,6.17972520836071,7,1823.2663601656618,31.912817436693626,0
48.164659088777555,613.0160919385611,5.194107630953358,2,1719.3211103712722,30.776309415731767,0
46.0146151042565,593.2845629264726,4.468785705392402,0,1946.6246372586807,33.58659416426013,0
37.42127942501384,640.5404136579891,5.48387665118804,3,1726.1567242110461,25.443090657560056,0
52.737526006650306,639.6744360276107,3.8977078501635765,8,1874.7708854031703,31.51374544343217,0
53.97938836547761,512.573401338091,5.681359510442948,0,2103.21617646904,31.879615090010827,0
41.93605654757807,665.2170121439076,5.408607307701768,1,2104.502521773838,26.28131314175928,0
43.06149220032008,516.8754005982163,4.692191528861116,8,1730.650980072311,25.49138817395283,0
46.429326953624525,651.6273102170828,4.161414201552769,1,1853.6883881153767,27.762173620573197,0
46.67228394993513,656.3352568413792,4.113319077716543,2,2322.299901431073,28.015375672454123,0
48.29272136336415,545.4516784892401,5.5348173363459106,6,2148.9200353201823,32.26025839050729,0
55.05102269383175,579.4592856022707,6.228980502489062,2,2622.5195118045626,28.156383648926717,0
44.11526386252975,544.7147665757033,4.362692252971205,8,2354.0384521224582,27.430954445156388,0
41.00851377730773,589.2539484855632,5.458386703551485,5,2343.287920567982,28.16509878991632,1
38.10340385992736,584.5982857907129,2.9129729813979313,2,1583.6394348632593,33.35589700246263,1
41.34534980029041,638.983026613467,4.415382269342801,8,2229.1581054900266,30.039130123130857,0
44.83436513563102,665.5154373059804,4.968941067129098,0,1984.0679594909268,29.462246923929264,0
53.97278931758894,669.7841905394978,4.090316583018167,9,1834.7054589385252,29.669983503896844,0
42.41194350481914,571.8915986710849,4.063493625210404,2,2050.4046021597587,33.87618100297957,0
46.11893975819449,589.5389063127736,4.332220443531114,0,2283.563460383445,27.752484820190276,0
44.917885519636236,515.8280903889524,5.292192728326373,1,2150.2494773012636,33.94652487282031,0
50.94196636724042,559.7064966751906,4.812670981593626,7,1736.4578595973821,30.631488896764512,0
57.63466212936811,648.2425816548729,2.761768766675028,6,2222.7376740777863,29.51874185407396,0
42.3456561353984,680.7791411774116,2.879299847364934,1,1808.723737377211,37.502701493802846,0
42.552802787408886,538.2825564060039,4.393134822142825,1,2065.004935689286,26.83308153060421,0
50.22080438534536,570.3767870423553,5.457686586053552,8,1908.9949797568597,28.938942721298982,0
48.409457448131555,598.6797121520536,2.2524951572747653,5,1934.3401244793122,26.302706282507998,1
54.23353662868017,614.0080579409804,4.500269823848369,4,2229.8728925121527,32.85738591160851,0
47.91964092662982,559.5198240039177,4.473752143482579,9,1687.9418840552307,35.067566800955035,0
43.203539546064704,621.2030522232045,6.388337778208448,5,2583.55852228308,35.00976834421392,0
47.95327415346155,576.3080326464542,4.614978188287136,8,1453.674179211651,33.67184625943801,0
50.54351790291454,599.277386456086,5.382988984740928,6,1820.699695023543,29.407138596612103,0
49.10241090598682,627.3142124001849,5.141257140087463,9,2111.0635669825224,28.90427706753046,0
47.53637015553649,600.3211134905468,2.8694335201927994,9,2175.2942499305927,24.986490682517804,0
50.33337344794577,578.1807054736715,5.768207216631737,8,1969.8572838284886,36.10762060554538,0
50.84647795222836,594.5195098037085,5.215396505456288,3,1982.7827890995372,31.4069342344454,0
51.91079495518763,595.5818520397332,5.50826863967459,1,2123.165025598285,28.524129285391552,1
48.24354943794821,581.4994485058936,8.926237706436327,7,1930.6791567626958,33.9841706669609,0
44.16440959841573,587.0601968666449,2.9158870605014116,3,2417.9543773804717,27.08170644972,1
45.733568432166614,679.9323585252358,6.724696649761109,8,2251.804734269481,31.21986610266802,0
51.03254483254179,628.045972397062,4.712552480599644,3,2261.8473053016905,29.482112597127497,0
40.91532164506382,585.225984098542,5.287328904403009,7,1710.152982988875,31.916031419640902,0
46.84336654436451,634.8477202255368,4.954487754698758,8,1976.183472678289,29.809279382441634,0
43.0333059383632,583.3090255121995,4.575763666601956,8,1909.860215383789,25.647216326666328,0
45.143724114674086,658.656231879332,4.430167071761241,9,1698.3195872931603,30.226729118010113,0
51.39225931303649,618.4821096099047,5.329508735573009,3,2108.04925518373,33.14659242562609,0
45.95549534009952,594.6348927997885,3.482826303328321,0,1838.7062726660552,29.912350782438043,0
45.23218274078074,622.3858462905139,5.7505791675217655,2,2196.621148955071,32.32534536476726,0
38.200719295100406,521.456192396575,4.583805595114746,8,1678.9425311317004,26.86341154297784,0
48.731267830136105,543.6616265545098,3.869930660959642,3,2515.7121838525463,29.921217620190443,0
48.22742090570538,540.3037496800472,4.549987142004186,4,1731.1002024223815,28.126468634734266,0
55.8162736165273,607.1471547381853,6.257149216862572,6,2065.790701160131,32.24094252031413,0
43.461108825234994,686.6257499742546,4.4646649129837765,4,2237.5577931164203,30.094474686785986,0
46.0957516383197,711.5650073096316,5.35845361820962,3,1828.807870939966,32.070221029009836,0
46.246918418553776,631.9025550720379,4.2690437242845265,1,2255.740593029885,33.2631312784736,0
52.887266398817374,625.0422237472228,5.757921849923619,1,1631.244920659875,32.074855725364166,0
44.52352233806524,509.94711329236304,5.685507738790204,3,2435.635309754768,30.819355302880933,0
46.3951076288517,572.866310013299,6.848608833296412,9,2004.2447794897275,27.005363224465786,0
48.0394825485827,560.610812404588,4.824436054500785,9,1821.076577609336,29.991641667999296,0
45.93304561578179,568.9576200874442,5.668654804757907,8,1910.2454682717696,28.4007287939525,0
42.76783192724736,591.5928090707605,5.0980675395389445,7,2242.675780817816,28.96780812988732,1
45.970449964491536,576.3954711151437,6.295871781863014,2,1824.6634124448685,28.876397547749246,0
50.36815874929886,501.03500948121064,4.28116761239127,8,1775.1926931731668,27.060223275653268,0
39.867423502944696,637.3955128058767,5.745005312877281,4,1933.5390207248786,24.12798423259803,0
45.66484837073438,546.3628487130097,4.805302703883318,2,1646.9113661690096,27.995570855016698,0
41.499395925304135,611.9623432055574,4.935811822891503,4,2546.163172382545,30.580138355772476,0
50.97523314462421,703.7041334874987,5.091752484448373,9,1830.081622635583,25.955468863717527,0
37.384065476081126,554.0307704206789,5.252240396426678,3,2249.485035854121,30.04704670941487,1
42.20539076364206,473.4856238626835,4.883770956878042,7,2062.8410250943316,35.7008052729329,0
46.8860593753226,585.6997889059944,5.2147131831705265,4,1704.6397848554095,33.06916966575672,1
52.827620146171704,655.0479817499286,6.578118057562184,9,1998.2135872361812,34.93062452736159,0
44.67124869463506,697.9173727110297,5.985449685615219,7,2235.2008337932243,31.173383630798178,0
42.22400236653401,538.5225202773792,5.869154592496897,8,1943.5215994741081,33.50252946895934,0
54.40578534720295,624.8349611618261,4.544460473976129,3,2357.933883755308,27.82810580859664,0
37.75993049791878,576.7344771609974,4.110759171771676,6,2306.454617834559,28.066979198934046,0
34.00597021689959,594.7025822847933,5.955300558237753,1,2275.674456397499,21.78257938158758,1
47.200072250266665,732.2171673508517,5.876046792529794,5,1862.102968318101,33.558436422126896,0
42.489728878236946,524.8514835802423,6.472670675750982,7,1676.0472656655538,34.62097193945966,0
39.89383591434643,612.6869830747287,4.396019374030771,6,1815.9237183911616,28.34046826395819,0
48.541782236496765,623.3846585882717,4.770451344639653,6,2058.8722822000163,29.238144880808296,0
46.219003568855996,654.2893162469674,3.3605158374745656,7,2163.7360140597066,27.738413658927115,0
42.17960684631636,604.8991576735448,4.6075288939391275,6,1348.5285785718656,31.147960654432474,0
38.59847800664553,615.4025269752051,5.996570510579447,4,1997.5660395164748,33.37479763590972,0
49.36228664140072,580.4175716289104,4.533504620771802,6,2047.4267675969554,24.771684078356877,0
48.251005889793305,613.4563470622554,5.640479795200823,9,1916.7367231053345,31.22831559192676,0
44.50412068110309,582.8403862251295,4.809496894002189,2,2387.3821517047636,29.169984684842564,0
54.23318498023833,631.0785944928025,5.324057028221561,4,2126.534022275261,30.34018317590007,1
39.64957616836924,581.5194831978183,3.8523086101843327,6,2393.057572424269,31.376982005022874,0
37.372374145376305,618.8550196951094,5.085209449633901,8,1935.2118438949303,29.43539268368154,0
41.540459650593775,598.536859315751,2.0088640290992767,1,2281.2432477520774,29.689239439782657,0
44.77206991822251,656.3025125386084,4.813103841838015,3,2490.519918358256,29.358374497336083,0
46.21669724661346,597.4303138205756,3.36952675628486,6,2393.5080347817984,32.910948605364844,0
43.79381971071835,511.3483765896559,6.205994516546816,0,1672.35752197138,31.25627988038249,0
46.76027698257148,663.0960750356996,5.777407352764511,1,1923.8971767372857,30.66175061321208,0
38.74230287904778,554.713384956869,5.466670981966081,8,1896.450588365061,26.187144836723153,0
52.2188230203663,567.311683067559,6.52100622715938,9,2146.7763605228984,28.864260770360538,0
44.58924410803716,570.2169352978254,4.051083479175163,6,2205.90606650436,32.696007481017524,0
50.58647915794064,668.7219046585409,6.747363197915558,9,1748.3321977922792,30.113089719371768,0
46.71362673188852,493.2162893010652,5.932191564260385,6,2020.3515541750812,31.978594408767414,0
47.28376609576892,756.8874266829997,4.7634447127810535,5,1394.021800353159,35.299535400982904,0
47.84883640116102,652.8028404533026,6.135620147182944,2,2432.583501740567,33.11581820762645,0
47.23854280008658,611.161945706458,3.893706487588366,9,1846.287727796992,30.279475013099226,1
48.21361379933772,597.2552999691857,4.175485838472326,2,2016.759181953349,28.46703248941282,0
51.64576265066216,614.2777037428829,4.3914102767603,1,1907.1050858035817,22.339351211832305,0
45.98260584850735,626.0561214189669,4.471022291935984,5,2343.8082725040244,29.494845232581444,0
48.54501878794256,632.2607792975028,3.9434423572397472,3,1148.7480675807865,29.021962512549454,0
44.55132152856387,627.7802233001725,6.223083067095325,4,1995.0168973022273,31.171098583186126,1
52.200586077247365,604.4790340627625,4.741145599630168,2,1968.2543727506907,29.538284319075938,0
41.61803848970365,590.1330789846337,5.35250496835688,5,1863.909083722495,29.038844821689615,0
54.004702164554075,592.4363358173244,4.42964863358632,2,2517.86796369069,24.66180320847834,0
44.79921024677828,590.2545859823659,3.179396699451483,7,1733.8011623432685,27.180096512549802,0
37.84612448940976,656.6885048433533,5.270057358391422,8,2231.5388531706985,31.429953122401674,1
45.64052207455395,629.6778361140431,3.087745024580223,3,2106.875836611825,35.14772289339808,0
41.5947417126256,452.980568266786,4.931365953914532,8,2378.455775760655,29.70742384876313,0
49.20321774494362,632.795038826488,3.6316849611671893,6,1799.8432745667483,30.983433220722368,0
41.73688010348805,609.7368097359388,6.987275999230808,2,1780.1093302628724,32.857434470858415,0
42.7690828339261,599.0645621777052,5.911362722174721,6,2328.8209722432193,27.567318191399252,0
35.552296345272346,580.5740773455557,5.10575379127148,0,2127.5963924990333,31.100442129856326,0
42.73846840375462,656.2056359993006,6.263706677654668,2,1536.5187959969724,27.778529681003526,1
32.88060336685522,647.3763231061429,4.153684022534264,5,1838.2084956610188,32.59447331547303,0
37.08048588257138,561.3561166088195,5.543479378670093,3,2115.914796154418,30.4542091438552,0
48.80207328072149,620.3526143562268,5.199810433718714,6,2251.3292664639766,30.895355441944318,1
48.92900079325416,551.4171632729357,5.26402008133367,2,1796.2308040421135,27.652204207744234,0
47.12728780892483,531.0190917605535,6.272353500106767,0,1125.7232030549176,32.121097078832356,0
40.165119284353935,568.6641387705017,5.732492102779802,8,2156.96695572111,36.25413876369305,0
44.7614432192901,643.119673619138,5.288723662825023,5,1633.9037930168072,26.976264913715383,0
44.98198730454716,647.6562522688043,3.345112563771704,7,1394.7983605632767,28.98072297705743,0
39.20817655403729,625.6542710048647,4.039953704720537,2,1150.3022225047578,30.694822422504277,1
52.51699150883575,636.2547893423998,4.8772910664042755,7,2244.1942580593222,32.359218635987446,0
49.386811452878355,625.8089143557479,5.093372374276651,1,2038.5852351214899,28.321361144131593,0
43.89517913085168,567.9259202388524,3.869796275326076,3,1932.3030857863246,21.50090912957178,0
45.134429194972654,621.5961272336971,7.411676675578422,2,2416.7073088888283,34.077568482492076,0
46.04191403973776,640.0204762613841,6.516394055253572,9,2191.1974049069217,32.28151835875243,0
34.791325657878545,637.7145664906787,5.602118320392483,0,2484.890012816575,24.771157408540006,0
43.764113087397014,659.4456685737322,5.0720368612837445,6,1582.1793583499011,28.17729362466133,1
41.59007876001101,635.4151923600532,4.787791030098848,9,1989.6348128138109,34.70454728858198,0
39.99189995052542,617.5724103770791,4.0480815399777645,1,1514.9859875155958,34.343389255373594,0
43.594498535570224,653.5075119158214,5.077480518518863,3,1931.18530044336,32.81592006803683,0
53.988432634247616,598.673937037547,5.257752540142751,8,1925.4152438699969,29.47166269812041,0
48.20421430633505,555.9062674386141,3.7582394245183757,5,2187.984091178921,30.24896225643753,0
42.144105051086015,591.8466518028118,5.3341764172448976,7,2013.6691643425695,29.60722258462162,0
47.86291390678079,562.7548677596775,4.844740951175251,1,2187.022141483975,33.38471934980651,0
